"Variable / Field Name","Form Name","Section Header","Field Type","Field Label","Choices, Calculations, OR Slider Labels","Field Note","Text Validation Type OR Show Slider Number","Text Validation Min","Text Validation Max",Identifier?,"Branching Logic (Show field only if...)","Required Field?","Custom Alignment","Question Number (surveys only)","Matrix Group Name","Matrix Ranking?","Field Annotation"
record_id,datos_entrevistado,,text,"Record ID",,,,,,,,,,,,,
nombre_entrevistador2,datos_entrevistado,,text,"Nombre del entrevistador/a",,,alpha_only,,,y,,y,,,,,
nomre_participante,datos_entrevistado,,text,"Nombre completo del participante",,,alpha_only,,,y,,y,,,,,
edad_participante,datos_entrevistado,,text,"Edad del participante (años)",,,integer,1,99,,,y,,,,,
sexo_participante,datos_entrevistado,,radio,"Sexo biológico del participante","1, Masculino | 2, Femenino | 3, Otro / Prefiero no decir",,,,,,,y,,,,,
fecha_entrevista,paso_1_lista_rapida,,text,"Fecha de la entrevista",,,date_dmy,,,,,y,,,,,
hora_despertar2,paso_1_lista_rapida,,text,"Hora a la que se despertó el participante (HH:MM) del día del recordatorio",,,time,,,,,y,,,,,
hora_dormir,paso_1_lista_rapida,,text,"Hora a la que se acostó / fue a dormir el participante (HH:MM) del día del recordatorio",,,time,,,,,y,,,,,
lista_rapida,paso_1_lista_rapida,"INSTRUCCIONES AL ENTREVISTADOR (no leer en voz alta): Solicite al participante un recuento rápido de TODO lo que consumió ayer, desde que se despertó hasta que se acostó. NO pregunte cantidades, marcas ni preparaciones todavía. Solo el nombre del alimento o bebida. El objetivo es obtener la lista completa antes de organizar por tiempos de comida.

GUIÓN: Diga al participante: ""Vamos a repasar todo lo que usted consumió ayer, [día de la semana], desde que se despertó hasta que se fue a dormir. Empiece por la mañana: ¿Qué fue lo primero que consumió?",notes,"Lista rápida
Anote todos los alimentos, bebidas y preparaciones mencionados (uno por línea)",,,,,,,,y,,,,,
paso1_notas,paso_1_lista_rapida,,notes,"Observaciones generales del Paso 1 (notas internas del entrevistador)",,,,,,,,,,,,,
instruccion,alimentos,,descriptive,"Lo que registraste durante el día fue:

[lista_rapida]

Ahora vamos a detallar cada uno de los alimentos mencionados.",,,,,,,,y,,,,,
tiempo_comida,alimentos,,radio,"<p>Tiempo de comida</p>","1, Desayuno | 2, Media mañana | 3, Almuerzo | 4, Media tarde | 5, Cena",,,,,,,,,,,,
food_code,alimentos,,calc,"Código del alimento","if([food_detail_1_1] = '1', 1001,
if([food_detail_2_2_1] = '1', 1002,
if([food_detail_2_2_2] = '1', 1003,
if([food_detail_1_3] = '1', 1004,
if([food_detail_1_3] = '2', 1005,
if([food_detail_2_4_1] = '1', 1006,
if([food_detail_1_5] = '1', 1007,
if([food_detail_1_5] = '2', 1008,
if([food_detail_3_6_1_1] = '1', 1009,
if([food_detail_2_6_1] = '2', 1010,
if([food_detail_2_7_1] = '1', 1011,
if([food_detail_1_8] = '1', 1012,
if([food_detail_2_9_1] = '1', 1013,
if([food_detail_2_9_2] = '1', 1014,
if([food_detail_2_9_2] = '2', 1015,
if([food_detail_2_10_1] = '1', 1016,
if([food_detail_2_11_1] = '1', 1017,
if([food_detail_2_12_1] = '1', 1018,
if([food_detail_2_12_1] = '2', 1019,
if([food_detail_2_12_1] = '3', 1020,
if([food_detail_2_12_1] = '4', 1021,
if([food_detail_2_12_1] = '5', 1022,
if([food_detail_2_12_1] = '6', 1023,
if([food_detail_2_12_2] = '1', 1024,
if([food_detail_2_12_3] = '1', 1025,
if([food_detail_3_12_4_1] = '1', 1170,
if([food_detail_2_13_1] = '1', 1026,
if([food_detail_1_14] = '1', 1027,
if([food_detail_1_15] = '1', 1028,
if([food_detail_1_16] = '1', 1029,
if([food_detail_1_17] = '1', 1030,
if([food_detail_1_17] = '2', 1031,
if([food_detail_2_17_3] = '1', 1032,
if([food_detail_1_17] = '4', 1033,
if([food_detail_1_18] = '1', 1034,
if([food_detail_1_19] = '1', 1035,
if([food_detail_1_20] = '1', 1036,
if([food_detail_1_20] = '2', 1037,
if([food_detail_2_21_1] = '1', 1038,
if([food_detail_2_21_1] = '2', 1039,
if([food_detail_2_21_1] = '3', 1040,
if([food_detail_2_21_2] = '1', 1041,
if([food_detail_2_21_2] = '2', 1042,
if([food_detail_2_21_2] = '3', 1043,
if([food_detail_2_21_2] = '4', 1044,
if([food_detail_2_21_3] = '1', 1045,
if([food_detail_2_21_3] = '2', 1046,
if([food_detail_2_21_4] = '1', 1047,
if([food_detail_2_21_5] = '1', 1048,
if([food_detail_2_21_6] = '1', 1049,
if([food_detail_2_21_6] = '2', 1050,
if([food_detail_2_21_6] = '3', 1051,
if([food_detail_2_21_7] = '1', 1052,
if([food_detail_2_21_7] = '2', 1053,
if([food_detail_2_21_7] = '3', 1054,
if([food_detail_2_21_8] = '1', 1055,
if([food_detail_2_21_9] = '1', 1056,
if([food_detail_2_21_10] = '1', 1057,
if([food_detail_2_21_11] = '1', 1058,
if([food_detail_2_21_12] = '1', 1059,
if([food_detail_2_21_13] = '1', 1060,
if([food_detail_2_21_13] = '2', 1061,
if([food_detail_2_21_13] = '3', 1062,
if([food_detail_2_21_13] = '4', 1063,
if([food_detail_2_21_14] = '1', 1064,
if([food_detail_2_21_14] = '2', 1065,
if([food_detail_2_21_15] = '1', 1066,
if([food_detail_2_21_16] = '1', 1067,
if([food_detail_2_21_17] = '1', 1068,
if([food_detail_2_21_18] = '1', 1069,
if([food_detail_2_21_18] = '2', 1070,
if([food_detail_2_21_19] = '1', 1071,
if([food_detail_2_21_19] = '2', 1072,
if([food_detail_2_21_19] = '3', 1073,
if([food_detail_2_21_19] = '4', 1074,
if([food_detail_2_21_19] = '5', 1075,
if([food_detail_2_21_20] = '1', 1076,
if([food_name] = '21', 1171,
if([food_detail_2_21_9] = '2', 1172,
if([food_detail_2_21_21] = '1', 1173,
if([food_detail_1_22] = '1', 1077,
if([food_detail_1_23] = '1', 1078,
if([food_detail_1_24] = '1', 1079,
if([food_detail_1_25] = '1', 1080,
if([food_detail_2_25_2] = '1', 1081,
if([food_detail_1_26] = '1', 1082,
if([food_detail_1_27] = '1', 1083,
if([food_detail_1_28] = '1', 1084,
if([food_detail_1_28] = '2', 1085,
if([food_detail_1_29] = '1', 1086,
if([food_detail_2_30_1] = '1', 1087,
if([food_detail_2_30_2] = '1', 1088,
if([food_detail_2_30_3] = '1', 1089,
if([food_detail_1_31] = '1', 1090,
if([food_detail_2_32_1] = '1', 1091,
if([food_detail_1_33] = '1', 1092,
if([food_detail_1_33] = '2', 1093,
if([food_detail_1_34] = '1', 1094,
if([food_detail_1_34] = '2', 1095,
if([food_detail_1_35] = '1', 1096,
if([food_detail_2_36_1] = '1', 1097,
if([food_detail_1_37] = '1', 1098,
if([food_detail_1_38] = '1', 1099,
if([food_detail_1_39] = '1', 1100,
if([food_detail_1_40] = '1', 1101,
if([food_detail_1_41] = '1', 1102,
if([food_detail_2_42_1] = '1', 1103,
if([food_detail_1_43] = '1', 1104,
if([food_detail_1_44] = '1', 1105,
if([food_detail_1_45] = '1', 1106,
if([food_detail_2_46_1] = '1', 1107,
if([food_detail_1_47] = '1', 1108,
if([food_detail_1_48] = '1', 1109,
if([food_detail_2_49_1] = '1', 1110,
if([food_detail_2_49_2] = '1', 1111,
if([food_detail_3_49_3_1] = '1', 1169,
if([food_detail_1_50] = '1', 1112,
if([food_detail_2_51_1] = '1', 1113,
if([food_detail_1_52] = '1', 1114,
if([food_detail_1_53] = '1', 1115,
if([food_detail_1_54] = '1', 1116,
if([food_detail_1_55] = '1', 1117,
if([food_detail_1_56] = '1', 1118,
if([food_detail_2_57_1] = '1', 1119,
if([food_detail_1_58] = '1', 1120,
if([food_detail_3_59_1_1] = '1', 1121,
if([food_detail_2_59_2] = '1', 1122,
if([food_detail_3_59_3_1] = '1', 1123,
if([food_detail_2_59_3] = '2', 1124,
if([food_detail_1_59] = '4', 1126,
if([food_name] = '60', 1125,
if([food_detail_2_61_1] = '1', 1127,
if([food_detail_1_61] = '2', 1128,
if([food_detail_3_61_3_1] = '1', 1129,
if([food_detail_2_62_1] = '1', 1130,
if([food_detail_2_63_1] = '1', 1131,
if([food_detail_2_63_2] = '1', 1132,
if([food_detail_2_63_3] = '1', 1133,
if([food_detail_2_63_4] = '1', 1134,
if([food_detail_2_63_5] = '1', 1135,
if([food_detail_2_63_5] = '2', 1136,
if([food_detail_2_63_5] = '3', 1137,
if([food_detail_2_63_6] = '1', 1138,
if([food_detail_2_63_7] = '1', 1139,
if([food_detail_2_63_8] = '1', 1140,
if([food_detail_2_63_9] = '1', 1141,
if([food_detail_2_63_10] = '1', 1142,
if([food_detail_2_63_11] = '1', 1143,
if([food_detail_2_63_11] = '2', 1144,
if([food_detail_2_63_11] = '3', 1145,
if([food_detail_2_63_12] = '1', 1146,
if([food_detail_2_63_12] = '2', 1147,
if([food_detail_1_64] = '1', 1148,
if([food_detail_1_65] = '1', 1149,
if([food_detail_1_66] = '1', 1150,
if([food_detail_1_67] = '1', 1151,
if([food_detail_2_68_1] = '1', 1152,
if([food_detail_2_68_2] = '1', 1153,
if([food_detail_2_69_1] = '1', 1154,
if([food_detail_2_69_2] = '1', 1155,
if([food_detail_1_70] = '1', 1156,
if([food_detail_1_71] = '1', 1157,
if([food_detail_1_72] = '1', 1158,
if([food_detail_2_73_1] = '1', 1159,
if([food_detail_2_73_1] = '2', 1160,
if([food_detail_2_73_1] = '3', 1161,
if([food_detail_2_73_1] = '4', 1162,
if([food_detail_2_73_1] = '5', 1163,
if([food_detail_2_73_2] = '1', 1164,
if([food_detail_2_73_2] = '2', 1165,
if([food_detail_2_73_2] = '3', 1166,
if([food_detail_1_74] = '1', 1167,
if([food_detail_2_75_1] = '1', 1168,
if([food_detail_2_76_1] = '1', 1174,
if([food_detail_1_76] = '2', 1175,
if([food_detail_1_77] = '1', 1176,
if([food_detail_2_78_1] = '1', 1177,
if([food_detail_1_79] = '1', 1178,
if([food_detail_1_80] = '1', 2001,
if([food_detail_1_81] = '1', 2002,
if([food_detail_3_82_1_1] = '1', 2003,
if([food_detail_3_82_2_1] = '1', 2004,
if([food_detail_3_82_3_1] = '1', 2005,
if([food_detail_2_83_1] = '1', 2006,
if([food_name] = '84', 2007,
if([food_detail_1_85] = '1', 2008,
if([food_detail_1_86] = '1', 2009,
if([food_detail_1_87] = '1', 2010,
if([food_detail_1_88] = '1', 2011,
if([food_detail_1_89] = '1', 2012,
if([food_detail_3_90_1_1] = '1', 2013,
if([food_detail_3_90_1_1] = '2', 2014,
if([food_detail_3_90_1_1] = '3', 2015,
if([food_detail_3_90_1_1] = '4', 2016,
if([food_detail_3_90_1_1] = '5', 2017,
if([food_detail_3_90_1_1] = '6', 2018,
if([food_detail_1_90] = '2', 2019,
if([food_detail_3_90_3_1] = '1', 2020,
if([food_detail_3_90_3_1] = '2', 2022,
if([food_detail_3_90_3_2] = '1', 2023,
if([food_detail_3_90_3_2] = '2', 2024,
if([food_name] = '90', 2025,
if([food_detail_3_90_3_2] = '3', 2026,
if([food_detail_3_90_3_2] = '4', 2027,
if([food_name] = '90', 2028,
if([food_detail_3_91_1_1] = '1', 2021,
if([food_detail_2_92_1] = '1', 2029,
if([food_detail_2_92_2] = '1', 2030,
if([food_detail_2_93_1] = '1', 2031,
if([food_detail_2_94_1] = '1', 2032,
if([food_detail_2_94_2] = '1', 2033,
if([food_detail_2_95_1] = '1', 2034,
if([food_detail_3_96_1_1] = '1', 2035,
if([food_detail_3_96_2_1] = '1', 2038,
if([food_detail_2_96_2] = '2', 2039,
if([food_detail_2_97_1] = '1', 2036,
if([food_detail_3_97_1_2] = '1', 2037,
if([food_detail_3_97_2_1] = '1', 2041,
if([food_name] = '98', 2040,
if([food_detail_3_98_1_1] = '1', 2042,
if([food_detail_2_99_1] = '1', 2043,
if([food_detail_2_100_1] = '1', 2044,
if([food_name] = '100', 2045,
if([food_detail_2_100_1] = '2', 2046,
if([food_detail_3_100_1_3] = '1', 2047,
if([food_detail_1_101] = '1', 2048,
if([food_detail_1_102] = '1', 3001,
if([food_detail_2_103_1] = '1', 3002,
if([food_detail_2_103_2] = '1', 3003,
if([food_detail_1_104] = '1', 3004,
if([food_detail_1_104] = '2', 3005,
if([food_detail_1_105] = '1', 3006,
if([food_detail_1_106] = '1', 3007,
if([food_detail_1_107] = '1', 3008,
if([food_detail_1_108] = '1', 3009,
if([food_detail_1_109] = '1', 3010,
if([food_detail_1_110] = '1', 3011,
if([food_detail_2_111_1] = '1', 3012,
if([food_detail_1_111] = '2', 3013,
if([food_detail_1_112] = '1', 3014,
if([food_detail_1_113] = '1', 3015,
if([food_detail_1_114] = '1', 3016,
if([food_detail_1_115] = '1', 3017,
if([food_detail_1_116] = '1', 3018,
if([food_detail_1_117] = '1', 3019,
if([food_detail_1_118] = '1', 3020,
if([food_detail_1_118] = '2', 3021,
if([food_detail_2_119_1] = '1', 3022,
if([food_detail_1_119] = '2', 3023,
if([food_detail_1_120] = '1', 3024,
if([food_detail_1_121] = '1', 3025,
if([food_detail_1_122] = '1', 3026,
if([food_detail_1_123] = '1', 3027,
if([food_detail_1_124] = '1', 3028,
if([food_detail_1_125] = '1', 3029,
if([food_detail_2_126_1] = '1', 3030,
if([food_detail_2_127_1] = '1', 3031,
if([food_detail_1_127] = '2', 3032,
if([food_detail_1_128] = '1', 3033,
if([food_detail_1_129] = '1', 3034,
if([food_detail_1_129] = '2', 3035,
if([food_detail_2_130_1] = '1', 3036,
if([food_name] = '130', 3037,
if([food_name] = '130', 3038,
if([food_name] = '131', 3039,
if([food_detail_3_131_1_1] = '1', 3040,
if([food_detail_2_131_2] = '1', 3041,
if([food_name] = '131', 3042,
if([food_detail_1_132] = '1', 3043,
if([food_detail_1_133] = '1', 3044,
if([food_detail_2_134_1] = '1', 3045,
if([food_detail_1_134] = '2', 3046,
if([food_detail_2_134_3] = '1', 3047,
if([food_detail_1_135] = '1', 3048,
if([food_detail_2_136_1] = '1', 3049,
if([food_detail_2_137_1] = '1', 3050,
if([food_detail_2_137_2] = '1', 3051,
if([food_detail_2_138_1] = '1', 3052,
if([food_detail_3_138_1_2] = '1', 13006,
if([food_name] = '139', 3053,
if([food_detail_1_140] = '1', 3054,
if([food_detail_2_141_1] = '1', 3055,
if([food_detail_2_141_2] = '1', 3056,
if([food_detail_2_141_3] = '1', 11054,
if([food_detail_2_141_4] = '1', 11055,
if([food_detail_2_141_5] = '1', 11056,
if([food_detail_2_141_6] = '1', 11057,
if([food_detail_2_141_7] = '1', 11058,
if([food_detail_2_141_8] = '1', 11059,
if([food_detail_2_141_9] = '1', 11060,
if([food_detail_2_141_10] = '1', 11061,
if([food_detail_2_141_11] = '1', 11062,
if([food_detail_2_141_12] = '1', 11063,
if([food_detail_2_141_13] = '1', 11064,
if([food_detail_2_141_14] = '1', 11065,
if([food_detail_2_141_15] = '1', 11066,
if([food_detail_2_141_16] = '1', 11067,
if([food_detail_2_141_17] = '1', 11068,
if([food_detail_2_141_18] = '1', 11069,
if([food_detail_2_141_2] = '2', 13020,
if([food_detail_2_142_1] = '1', 3057,
if([food_detail_3_142_1_2] = '1', 3058,
if([food_detail_2_142_2] = '1', 3059,
if([food_detail_2_142_2] = '2', 3060,
if([food_detail_2_142_3] = '1', 3061,
if([food_detail_2_142_3] = '2', 3062,
if([food_detail_2_142_4] = '1', 3063,
if([food_detail_2_142_4] = '2', 3064,
if([food_detail_1_143] = '1', 3065,
if([food_name] = '144', 4001,
if([food_name] = '144', 17033,
if([food_detail_3_145_1_1] = '1', 4002,
if([food_detail_3_145_2_1] = '1', 4003,
if([food_name] = '146', 4004,
if([food_detail_3_147_1_1] = '1', 4005,
if([food_detail_2_148_1] = '1', 4006,
if([food_detail_2_148_2] = '1', 4008,
if([food_detail_2_148_3] = '1', 4009,
if([food_detail_2_148_3] = '2', 4010,
if([food_detail_3_148_2_2] = '1', 4011,
if([food_detail_3_148_3_3] = '1', 4012,
if([food_detail_3_148_3_3] = '2', 4013,
if([food_detail_3_148_3_3] = '3', 4014,
if([food_detail_3_148_4_1] = '1', 4015,
if([food_detail_1_149] = '1', 4007,
if([food_name] = '149', 17032,
if([food_detail_2_150_1] = '1', 4016,
if([food_detail_1_151] = '1', 4017,
if([food_detail_3_152_1_1] = '1', 4018,
if([food_detail_3_152_2_1] = '1', 4019,
if([food_detail_3_152_3_1] = '1', 4020,
if([food_detail_3_152_3_1] = '2', 4021,
if([food_detail_3_152_3_1] = '3', 4022,
if([food_detail_3_152_3_2] = '1', 4023,
if([food_detail_3_152_3_2] = '2', 4024,
if([food_detail_3_152_3_3] = '1', 4025,
if([food_detail_3_153_1_1] = '1', 4026,
if([food_detail_3_153_1_1] = '2', 4027,
if([food_detail_3_153_2_1] = '1', 4028,
if([food_detail_3_153_2_1] = '2', 4029,
if([food_detail_3_153_3_1] = '1', 4030,
if([food_detail_3_153_3_1] = '2', 4031,
if([food_detail_3_154_1_1] = '1', 4032,
if([food_detail_3_155_1_1] = '1', 4033,
if([food_detail_3_156_1_1] = '1', 4034,
if([food_detail_3_156_1_2] = '1', 4035,
if([food_detail_3_156_1_3] = '1', 4036,
if([food_detail_3_156_2_1] = '1', 4037,
if([food_detail_3_156_2_1] = '2', 4038,
if([food_detail_3_156_2_1] = '3', 4039,
if([food_detail_3_156_3_1] = '1', 4040,
if([food_detail_3_156_4_1] = '1', 4041,
if([food_detail_3_156_4_1] = '2', 4042,
if([food_detail_3_156_4_1] = '3', 4043,
if([food_detail_3_156_5_1] = '1', 4044,
if([food_detail_3_156_5_1] = '2', 4045,
if([food_detail_3_156_5_1] = '3', 4046,
if([food_detail_3_156_5_1] = '4', 4047,
if([food_detail_2_157_1] = '1', 4048,
if([food_detail_2_157_2] = '1', 4049,
if([food_detail_2_157_3] = '1', 4050,
if([food_detail_2_157_3] = '2', 4051,
if([food_detail_2_157_4] = '1', 4052,
if([food_detail_1_158] = '1', 4053,
if([food_detail_1_158] = '2', 4054,
if([food_detail_1_158] = '3', 4055,
if([food_detail_2_159_1] = '1', 5001,
if([food_detail_2_160_1] = '1', 5002,
if([food_detail_3_160_2_1] = '1', 5003,
if([food_detail_2_160_2] = '2', 5004,
if([food_detail_2_160_2] = '3', 5005,
if([food_detail_3_160_2_4] = '1', 5006,
if([food_detail_3_160_2_5] = '1', 5007,
if([food_detail_3_160_2_6] = '1', 5008,
if([food_detail_2_160_3] = '1', 5009,
if([food_detail_2_161_1] = '1', 5010,
if([food_detail_2_162_1] = '1', 5011,
if([food_detail_2_163_1] = '1', 5012,
if([food_detail_2_164_1] = '1', 5013,
if([food_detail_2_165_1] = '1', 6001,
if([food_detail_2_166_1] = '1', 6002,
if([food_detail_1_167] = '1', 6003,
if([food_detail_1_167] = '2', 6004,
if([food_detail_3_168_1_1] = '1', 6005,
if([food_detail_3_168_2_1] = '1', 6006,
if([food_detail_3_168_2_2] = '1', 6007,
if([food_detail_3_168_3_1] = '1', 6008,
if([food_detail_3_169_1_1] = '1', 6009,
if([food_detail_2_169_2] = '1', 6010,
if([food_detail_3_169_2_2] = '1', 6011,
if([food_detail_2_170_1] = '1', 6012,
if([food_detail_3_171_1_1] = '1', 6013,
if([food_detail_2_171_2] = '1', 6014,
if([food_detail_1_172] = '1', 6015,
if([food_detail_2_173_1] = '1', 6016,
if([food_detail_1_173] = '2', 6017,
if([food_detail_1_174] = '1', 6018,
if([food_detail_1_175] = '1', 6019,
if([food_detail_2_176_1] = '1', 6020,
if([food_detail_3_177_1_1] = '1', 6021,
if([food_detail_2_178_1] = '1', 6022,
if([food_detail_1_179] = '1', 6023,
if([food_detail_1_180] = '1', 6024,
if([food_detail_2_181_1] = '1', 6025,
if([food_detail_2_182_1] = '1', 6026,
if([food_detail_2_183_1] = '1', 6027,
if([food_detail_2_184_1] = '1', 6028,
if([food_detail_2_185_1] = '1', 6029,
if([food_detail_2_186_1] = '1', 6030,
if([food_detail_2_187_1] = '1', 6031,
if([food_detail_1_188] = '1', 6032,
if([food_detail_1_189] = '1', 6033,
if([food_detail_1_190] = '1', 6034,
if([food_detail_2_191_1] = '1', 6035,
if([food_detail_2_192_1] = '1', 6036,
if([food_detail_1_193] = '1', 6037,
if([food_detail_2_193_2] = '1', 6038,
if([food_detail_1_194] = '1', 6039,
if([food_detail_1_194] = '2', 6040,
if([food_detail_2_195_1] = '1', 6041,
if([food_detail_2_196_1] = '1', 6042,
if([food_detail_2_197_1] = '1', 6043,
if([food_detail_2_197_2] = '1', 6044,
if([food_detail_2_197_3] = '1', 6045,
if([food_detail_3_198_1_1] = '1', 6046,
if([food_detail_2_198_2] = '1', 6047,
if([food_detail_2_198_3] = '1', 6048,
if([food_detail_2_199_1] = '1', 7001,
if([food_detail_2_200_1] = '1', 7002,
if([food_detail_3_201_1_1] = '1', 7003,
if([food_detail_2_201_1] = '2', 7004,
if([food_detail_2_202_1] = '1', 7005,
if([food_detail_3_203_1_1] = '1', 7006,
if([food_detail_2_203_1] = '2', 7007,
if([food_detail_2_204_1] = '1', 7008,
if([food_detail_2_205_1] = '1', 7009,
if([food_detail_2_206_1] = '1', 7010,
if([food_detail_1_207] = '1', 7011,
if([food_detail_2_208_1] = '1', 7012,
if([food_detail_2_208_2] = '1', 7013,
if([food_detail_3_208_2_2] = '1', 7014,
if([food_detail_2_208_3] = '1', 7015,
if([food_detail_2_208_4] = '1', 7016,
if([food_detail_2_208_5] = '1', 7017,
if([food_detail_2_208_6] = '1', 7018,
if([food_detail_2_208_7] = '1', 7019,
if([food_detail_2_208_7] = '2', 7020,
if([food_detail_3_208_7_3] = '1', 7021,
if([food_detail_2_208_8] = '1', 7022,
if([food_detail_3_208_9_1] = '1', 7023,
if([food_detail_2_208_9] = '2', 7024,
if([food_detail_3_208_9_3] = '1', 7025,
if([food_detail_2_208_10] = '1', 7026,
if([food_detail_2_208_10] = '2', 7027,
if([food_detail_3_208_10_3] = '1', 7028,
if([food_detail_3_208_11_1] = '1', 7029,
if([food_detail_2_208_11] = '2', 7030,
if([food_detail_3_208_11_3] = '1', 7031,
if([food_detail_2_208_12] = '1', 7032,
if([food_detail_3_208_13_1] = '1', 7033,
if([food_detail_2_208_13] = '2', 7034,
if([food_detail_3_208_13_3] = '1', 7035,
if([food_detail_3_208_13_4] = '1', 7036,
if([food_detail_3_209_1_1] = '1', 7037,
if([food_detail_2_209_2] = '1', 7038,
if([food_detail_1_210] = '1', 7039,
if([food_detail_1_211] = '1', 7040,
if([food_detail_2_212_1] = '1', 7041,
if([food_detail_1_213] = '1', 7042,
if([food_detail_1_214] = '1', 7043,
if([food_detail_2_215_1] = '1', 7044,
if([food_detail_2_215_2] = '1', 7045,
if([food_detail_2_215_3] = '1', 7046,
if([food_detail_2_215_4] = '1', 7047,
if([food_detail_1_216] = '1', 7048,
if([food_detail_1_217] = '1', 7049,
if([food_detail_1_218] = '1', 7050,
if([food_detail_2_219_1] = '1', 7051,
if([food_detail_1_220] = '1', 7052,
if([food_detail_2_221_1] = '1', 7053,
if([food_detail_1_222] = '1', 7054,
if([food_detail_1_223] = '1', 7055,
if([food_detail_1_224] = '1', 7056,
if([food_detail_1_225] = '1', 7057,
if([food_detail_2_226_1] = '1', 7058,
if([food_detail_2_226_2] = '1', 7059,
if([food_detail_2_226_3] = '1', 7060,
if([food_detail_3_226_3_2] = '1', 7061,
if([food_detail_2_226_4] = '1', 7062,
if([food_detail_3_226_4_2] = '1', 7063,
if([food_detail_3_226_5_1] = '1', 7064,
if([food_detail_2_226_6] = '1', 7065,
if([food_detail_2_226_6] = '2', 7066,
if([food_detail_2_226_7] = '1', 7067,
if([food_detail_3_227_1_1] = '1', 7068,
if([food_detail_3_227_1_2] = '1', 7069,
if([food_detail_2_227_1] = '3', 7070,
if([food_detail_3_227_1_4] = '1', 7071,
if([food_detail_3_227_2_1] = '1', 7072,
if([food_detail_3_227_3_1] = '1', 7073,
if([food_detail_2_227_3] = '2', 7074,
if([food_detail_2_227_4] = '1', 7075,
if([food_detail_2_227_4] = '2', 7076,
if([food_detail_2_227_5] = '1', 7077,
if([food_detail_2_227_6] = '1', 7078,
if([food_detail_2_227_7] = '1', 7079,
if([food_detail_2_227_8] = '1', 7080,
if([food_detail_2_227_9] = '1', 7081,
if([food_detail_2_227_10] = '1', 7082,
if([food_detail_2_227_11] = '1', 7083,
if([food_detail_2_227_11] = '2', 7084,
if([food_detail_3_227_12_1] = '1', 7085,
if([food_detail_2_227_12] = '2', 7086,
if([food_detail_2_227_13] = '1', 7087,
if([food_detail_3_227_13_2] = '1', 7088,
if([food_detail_2_227_13] = '3', 7089,
if([food_detail_3_227_14_1] = '1', 7090,
if([food_detail_3_227_14_2] = '1', 7091,
if([food_detail_2_227_14] = '3', 7092,
if([food_detail_3_227_14_4] = '1', 7093,
if([food_detail_3_227_15_1] = '1', 7094,
if([food_detail_2_228_1] = '1', 7095,
if([food_detail_2_228_2] = '1', 7096,
if([food_detail_2_228_3] = '1', 7097,
if([food_detail_2_228_4] = '1', 7098,
if([food_detail_3_228_5_1] = '1', 7099,
if([food_detail_3_228_6_1] = '1', 7100,
if([food_detail_2_228_6] = '2', 7101,
if([food_detail_2_228_7] = '1', 7102,
if([food_detail_3_228_7_2] = '1', 7103,
if([food_detail_3_228_8_1] = '1', 7104,
if([food_detail_2_228_9] = '1', 7105,
if([food_detail_3_228_9_2] = '1', 7106,
if([food_detail_2_228_10] = '1', 7107,
if([food_detail_3_228_11_1] = '1', 7108,
if([food_detail_2_228_11] = '2', 7109,
if([food_detail_3_228_11_3] = '1', 7110,
if([food_detail_3_228_11_4] = '1', 7111,
if([food_detail_2_228_12] = '1', 7112,
if([food_detail_2_228_13] = '1', 7113,
if([food_detail_3_228_14_1] = '1', 7114,
if([food_detail_2_228_15] = '1', 7115,
if([food_detail_3_228_16_1] = '1', 7116,
if([food_detail_2_228_17] = '1', 7117,
if([food_detail_2_228_18] = '1', 7118,
if([food_detail_2_228_19] = '1', 7119,
if([food_detail_3_228_19_2] = '1', 7120,
if([food_detail_3_228_20_1] = '1', 7121,
if([food_detail_2_228_20] = '2', 7122,
if([food_detail_3_228_21_1] = '1', 7123,
if([food_detail_2_228_22] = '1', 7124,
if([food_detail_3_228_3_2] = '1', 7125,
if([food_detail_1_229] = '1', 7126,
if([food_detail_2_230_1] = '1', 7127,
if([food_detail_1_230] = '2', 7130,
if([food_detail_1_231] = '1', 7128,
if([food_detail_1_232] = '1', 7129,
if([food_detail_2_233_1] = '1', 7131,
if([food_detail_2_233_2] = '1', 7132,
if([food_detail_2_234_1] = '1', 7133,
if([food_detail_1_235] = '1', 7134,
if([food_detail_1_236] = '1', 7135,
if([food_detail_1_237] = '1', 7136,
if([food_detail_1_238] = '1', 7137,
if([food_detail_1_239] = '1', 8001,
if([food_detail_1_239] = '2', 8002,
if([food_detail_2_240_1] = '1', 8003,
if([food_detail_2_240_2] = '1', 8004,
if([food_name] = '241', 8005,
if([food_detail_2_241_1] = '1', 8006,
if([food_detail_2_241_2] = '1', 8008,
if([food_name] = '242', 8007,
if([food_detail_2_243_1] = '1', 8009,
if([food_detail_2_243_2] = '1', 8010,
if([food_detail_1_244] = '1', 8011,
if([food_detail_1_245] = '1', 8012,
if([food_detail_1_246] = '1', 8013,
if([food_detail_1_247] = '1', 8014,
if([food_detail_3_248_1_1] = '1', 8015,
if([food_detail_3_248_1_2] = '1', 8016,
if([food_detail_1_249] = '1', 8017,
if([food_detail_1_250] = '1', 8018,
if([food_detail_2_251_1] = '1', 8019,
if([food_detail_1_252] = '1', 8020,
if([food_detail_2_253_1] = '1', 8021,
if([food_detail_2_253_2] = '1', 8022,
if([food_detail_1_254] = '1', 8023,
if([food_detail_1_255] = '1', 8024,
if([food_detail_1_255] = '2', 8025,
if([food_detail_1_256] = '1', 8026,
if([food_detail_1_256] = '2', 8027,
if([food_detail_1_257] = '1', 8028,
if([food_detail_1_258] = '1', 8029,
if([food_detail_1_259] = '1', 8030,
if([food_detail_2_260_1] = '1', 8031,
if([food_detail_2_260_2] = '1', 8032,
if([food_detail_2_261_1] = '1', 8033,
if([food_detail_2_262_1] = '1', 8034,
if([food_detail_2_262_2] = '1', 8035,
if([food_detail_2_263_1] = '1', 8036,
if([food_name] = '263', 8037,
if([food_detail_2_263_2] = '1', 8038,
if([food_detail_1_264] = '1', 8039,
if([food_detail_2_265_1] = '1', 8040,
if([food_detail_1_266] = '1', 8041,
if([food_detail_1_267] = '1', 8042,
if([food_detail_2_268_1] = '1', 8043,
if([food_detail_2_269_1] = '1', 8044,
if([food_detail_1_270] = '1', 8045,
if([food_detail_1_271] = '1', 8046,
if([food_detail_1_272] = '1', 8047,
if([food_detail_1_273] = '1', 8048,
if([food_detail_1_274] = '1', 8049,
if([food_detail_1_275] = '1', 8050,
if([food_detail_1_276] = '1', 8051,
if([food_detail_2_277_1] = '1', 8052,
if([food_detail_3_278_1_1] = '1', 8053,
if([food_detail_2_278_1] = '2', 8054,
if([food_detail_1_279] = '1', 8055,
if([food_detail_2_280_1] = '1', 8056,
if([food_detail_1_280] = '2', 8057,
if([food_detail_1_281] = '1', 8058,
if([food_detail_2_282_1] = '1', 8059,
if([food_name] = '282', 8060,
if([food_detail_2_282_2] = '1', 8061,
if([food_detail_2_282_3] = '1', 8062,
if([food_detail_2_283_1] = '1', 8063,
if([food_detail_2_283_1] = '2', 8064,
if([food_detail_1_283] = '2', 8065,
if([food_detail_1_284] = '1', 8066,
if([food_detail_1_285] = '1', 8067,
if([food_detail_1_286] = '1', 9001,
if([food_detail_1_287] = '1', 9002,
if([food_detail_1_288] = '1', 9003,
if([food_detail_2_289_1] = '1', 9004,
if([food_detail_2_289_2] = '1', 9005,
if([food_detail_2_289_3] = '1', 9006,
if([food_detail_1_290] = '1', 9007,
if([food_detail_1_291] = '1', 9008,
if([food_detail_1_292] = '1', 9009,
if([food_detail_1_293] = '1', 9010,
if([food_detail_2_294_1] = '1', 9011,
if([food_detail_2_294_2] = '1', 9012,
if([food_detail_1_295] = '1', 9013,
if([food_detail_1_296] = '1', 9014,
if([food_detail_1_297] = '1', 9015,
if([food_detail_2_298_1] = '1', 9016,
if([food_detail_1_299] = '1', 9017,
if([food_detail_1_300] = '1', 9018,
if([food_detail_2_300_1] = '1', 9019,
if([food_detail_1_300] = '2', 9020,
if([food_detail_1_301] = '1', 9021,
if([food_detail_1_302] = '1', 9022,
if([food_detail_1_303] = '1', 9023,
if([food_detail_1_304] = '1', 9024,
if([food_detail_2_305_1] = '1', 9025,
if([food_detail_2_305_2] = '1', 9026,
if([food_detail_1_306] = '1', 9027,
if([food_detail_1_307] = '1', 9028,
if([food_detail_1_308] = '1', 9029,
if([food_detail_1_309] = '1', 9030,
if([food_detail_2_310_1] = '1', 9031,
if([food_detail_2_310_2] = '1', 9032,
if([food_detail_2_311_1] = '1', 9033,
if([food_detail_2_311_2] = '1', 9034,
if([food_detail_2_311_3] = '1', 9035,
if([food_detail_1_312] = '1', 9036,
if([food_detail_1_313] = '1', 9037,
if([food_detail_2_314_1] = '1', 9038,
if([food_detail_2_314_2] = '1', 9039,
if([food_detail_2_314_3] = '1', 9040,
if([food_detail_1_315] = '1', 9041,
if([food_detail_1_316] = '1', 9042,
if([food_detail_1_317] = '1', 9043,
if([food_detail_1_318] = '1', 9044,
if([food_detail_1_319] = '1', 9045,
if([food_detail_1_320] = '1', 9046,
if([food_detail_1_321] = '1', 9047,
if([food_detail_1_322] = '1', 9048,
if([food_detail_1_323] = '1', 9049,
if([food_detail_1_324] = '1', 9050,
if([food_detail_1_325] = '1', 9051,
if([food_detail_1_326] = '1', 9052,
if([food_name] = '327', 9053,
if([food_detail_1_328] = '1', 9054,
if([food_detail_1_329] = '1', 9055,
if([food_detail_1_330] = '1', 9056,
if([food_detail_1_331] = '1', 9057,
if([food_detail_1_332] = '1', 9058,
if([food_detail_1_333] = '1', 9059,
if([food_detail_2_334_1] = '1', 9060,
if([food_detail_2_334_2] = '1', 9061,
if([food_detail_1_335] = '1', 9062,
if([food_detail_2_336_1] = '1', 9063,
if([food_detail_2_336_2] = '1', 9064,
if([food_detail_2_336_3] = '1', 9065,
if([food_detail_1_337] = '1', 9066,
if([food_detail_1_338] = '1', 9067,
if([food_detail_1_339] = '1', 9068,
if([food_detail_1_340] = '1', 9069,
if([food_detail_1_341] = '1', 9070,
if([food_detail_1_342] = '1', 9071,
if([food_detail_1_343] = '1', 9072,
if([food_detail_1_344] = '1', 9073,
if([food_detail_1_345] = '1', 9074,
if([food_detail_1_346] = '1', 9075,
if([food_detail_1_347] = '1', 9076,
if([food_detail_1_348] = '1', 9077,
if([food_detail_1_349] = '1', 9078,
if([food_detail_1_349] = '2', 11034,
if([food_detail_1_350] = '1', 9079,
if([food_detail_1_351] = '1', 9080,
if([food_detail_1_352] = '1', 9081,
if([food_detail_1_353] = '1', 9082,
if([food_detail_1_354] = '1', 9083,
if([food_name] = '355', 10001,
if([food_name] = '356', 10002,
if([food_name] = '357', 10003,
if([food_name] = '358', 10004,
if([food_name] = '359', 10005,
if([food_name] = '360', 10006,
if([food_name] = '361', 10007,
if([food_name] = '362', 10008,
if([food_name] = '363', 10009,
if([food_name] = '364', 10010,
if([food_name] = '365', 10011,
if([food_name] = '366', 10012,
if([food_detail_1_367] = '1', 10013,
if([food_name] = '368', 10014,
if([food_name] = '369', 10015,
if([food_name] = '370', 10016,
if([food_detail_1_371] = '1', 10017,
if([food_detail_1_371] = '2', 10018,
if([food_detail_2_371_3] = '1', 10020,
if([food_detail_1_372] = '1', 10019,
if([food_detail_1_372] = '2', 16004,
if([food_name] = '373', 11001,
if([food_name] = '374', 11002,
if([food_detail_1_375] = '1', 11003,
if([food_detail_1_376] = '1', 11004,
if([food_detail_1_377] = '1', 11005,
if([food_detail_1_377] = '2', 11006,
if([food_detail_1_378] = '1', 11007,
if([food_detail_1_378] = '2', 11008,
if([food_detail_1_379] = '1', 11009,
if([food_detail_2_379_2] = '1', 11093,
if([food_detail_2_380_1] = '1', 11010,
if([food_detail_1_381] = '1', 11011,
if([food_detail_1_382] = '1', 11012,
if([food_detail_1_383] = '1', 11013,
if([food_name] = '384', 11014,
if([food_detail_1_385] = '1', 11015,
if([food_detail_1_385] = '2', 11016,
if([food_detail_2_386_1] = '1', 11017,
if([food_detail_2_386_1] = '2', 11018,
if([food_name] = '387', 11019,
if([food_detail_1_388] = '1', 11020,
if([food_detail_1_389] = '1', 11021,
if([food_name] = '390', 11022,
if([food_name] = '391', 11023,
if([food_name] = '392', 11024,
if([food_name] = '393', 11025,
if([food_name] = '394', 11026,
if([food_detail_1_395] = '1', 11027,
if([food_detail_2_396_1] = '1', 11028,
if([food_detail_1_396] = '2', 11029,
if([food_detail_1_397] = '1', 11030,
if([food_detail_1_398] = '1', 11031,
if([food_name] = '399', 11032,
if([food_detail_1_400] = '1', 11033,
if([food_name] = '401', 11035,
if([food_name] = '402', 11036,
if([food_detail_2_403_1] = '1', 11037,
if([food_detail_2_403_1] = '2', 11038,
if([food_detail_2_403_1] = '3', 11039,
if([food_detail_2_403_1] = '4', 11040,
if([food_detail_1_404] = '1', 11041,
if([food_detail_1_405] = '1', 11042,
if([food_name] = '406', 11043,
if([food_detail_1_407] = '1', 11044,
if([food_detail_2_408_1] = '1', 11045,
if([food_detail_1_409] = '1', 11046,
if([food_detail_1_410] = '1', 11047,
if([food_detail_2_411_1] = '1', 11048,
if([food_detail_2_411_2] = '1', 11049,
if([food_detail_2_411_2] = '2', 11050,
if([food_detail_2_411_2] = '3', 11051,
if([food_detail_2_411_2] = '4', 11052,
if([food_detail_2_411_3] = '1', 11053,
if([food_detail_2_412_1] = '1', 11070,
if([food_name] = '413', 11071,
if([food_detail_1_413] = '1', 11072,
if([food_detail_1_413] = '2', 11073,
if([food_detail_1_414] = '1', 11074,
if([food_detail_2_415_1] = '1', 11075,
if([food_detail_2_415_2] = '1', 11076,
if([food_detail_2_415_2] = '2', 11077,
if([food_detail_2_415_3] = '1', 11078,
if([food_detail_2_415_4] = '1', 11079,
if([food_detail_2_415_4] = '2', 11080,
if([food_detail_2_415_5] = '1', 11081,
if([food_detail_2_415_5] = '2', 11082,
if([food_detail_2_415_6] = '1', 11083,
if([food_detail_2_415_6] = '2', 11084,
if([food_detail_2_415_7] = '1', 11085,
if([food_detail_2_415_8] = '1', 11086,
if([food_detail_2_415_8] = '2', 11087,
if([food_detail_2_415_8] = '3', 11088,
if([food_detail_2_415_9] = '1', 11089,
if([food_detail_2_415_10] = '1', 11090,
if([food_detail_2_415_11] = '1', 11095,
if([food_detail_2_416_1] = '1', 11091,
if([food_detail_1_417] = '1', 11092,
if([food_detail_1_418] = '1', 11094,
if([food_detail_1_419] = '1', 11096,
if([food_detail_1_420] = '1', 12001,
if([food_detail_1_421] = '1', 12002,
if([food_name] = '422', 12003,
if([food_name] = '423', 12004,
if([food_detail_1_424] = '1', 13001,
if([food_detail_1_425] = '1', 13002,
if([food_detail_2_426_1] = '1', 13003,
if([food_detail_2_427_1] = '1', 13004,
if([food_detail_3_428_1_1] = '1', 13005,
if([food_detail_2_429_1] = '1', 13007,
if([food_detail_1_430] = '1', 13008,
if([food_detail_2_431_1] = '1', 13009,
if([food_detail_2_431_2] = '1', 13021,
if([food_detail_2_431_2] = '2', 13022,
if([food_detail_2_431_3] = '1', 13023,
if([food_detail_2_431_4] = '1', 13024,
if([food_detail_2_431_5] = '1', 13025,
if([food_detail_2_431_6] = '1', 13026,
if([food_detail_2_431_7] = '1', 13027,
if([food_detail_2_431_8] = '1', 13028,
if([food_detail_2_431_9] = '1', 13029,
if([food_detail_2_431_10] = '1', 13030,
if([food_detail_2_431_11] = '1', 13031,
if([food_detail_2_431_12] = '1', 13060,
if([food_detail_1_431] = '13', 13065,
if([food_detail_1_432] = '1', 13010,
if([food_detail_1_433] = '1', 13011,
if([food_detail_1_434] = '1', 13012,
if([food_detail_1_435] = '1', 13013,
if([food_detail_1_436] = '1', 13014,
if([food_detail_1_437] = '1', 13015,
if([food_detail_1_438] = '1', 13016,
if([food_detail_1_439] = '1', 13017,
if([food_detail_1_440] = '1', 13018,
if([food_detail_2_441_1] = '1', 13019,
if([food_detail_2_441_2] = '1', 13050,
if([food_detail_2_441_2] = '2', 13051,
if([food_detail_2_442_1] = '1', 13032,
if([food_detail_2_442_1] = '2', 13033,
if([food_detail_2_442_1] = '3', 13034,
if([food_detail_2_442_1] = '4', 13035,
if([food_detail_2_442_1] = '5', 13036,
if([food_detail_1_442] = '2', 13037,
if([food_detail_2_442_3] = '1', 13038,
if([food_detail_2_442_3] = '2', 13039,
if([food_detail_2_442_3] = '3', 13040,
if([food_detail_2_442_4] = '1', 13041,
if([food_detail_2_442_4] = '2', 13042,
if([food_detail_2_442_4] = '3', 13043,
if([food_detail_2_442_5] = '1', 13044,
if([food_detail_2_442_6] = '1', 13045,
if([food_detail_3_442_7_1] = '1', 13046,
if([food_detail_2_442_8] = '1', 13047,
if([food_detail_2_442_9] = '1', 13048,
if([food_detail_2_442_10] = '1', 13049,
if([food_detail_2_442_11] = '1', 13058,
if([food_detail_2_442_11] = '2', 13059,
if([food_detail_3_443_1_1] = '1', 13052,
if([food_detail_2_444_1] = '1', 13053,
if([food_detail_2_444_1] = '2', 13054,
if([food_detail_1_444] = '2', 13062,
if([food_detail_1_445] = '1', 13055,
if([food_detail_2_445_2] = '1', 13061,
if([food_detail_2_446_1] = '1', 13056,
if([food_detail_2_446_1] = '2', 13057,
if([food_detail_1_447] = '1', 13063,
if([food_detail_1_448] = '1', 13064,
if([food_detail_1_449] = '1', 13066,
if([food_detail_1_450] = '1', 13067,
if([food_detail_1_450] = '2', 13069,
if([food_detail_1_451] = '1', 13068,
if([food_detail_1_452] = '1', 14001,
if([food_detail_1_453] = '1', 14002,
if([food_detail_1_453] = '2', 14003,
if([food_detail_2_454_1] = '1', 15001,
if([food_detail_1_455] = '1', 16001,
if([food_name] = '456', 16002,
if([food_name] = '457', 16003,
if([food_detail_2_458_1] = '1', 16005,
if([food_detail_2_459_1] = '1', 16006,
if([food_detail_2_459_2] = '1', 16007,
if([food_detail_1_460] = '1', 16008,
if([food_detail_1_460] = '2', 16009,
if([food_detail_1_461] = '1', 16010,
if([food_detail_1_462] = '1', 16011,
if([food_detail_1_463] = '1', 16012,
if([food_detail_1_464] = '1', 16013,
if([food_detail_1_465] = '1', 16014,
if([food_detail_1_466] = '1', 16015,
if([food_detail_1_467] = '1', 16016,
if([food_detail_1_468] = '1', 16017,
if([food_detail_1_469] = '1', 17001,
if([food_detail_1_470] = '1', 17002,
if([food_detail_2_470_2] = '1', 17003,
if([food_detail_2_470_3] = '1', 17004,
if([food_detail_2_470_3] = '2', 17005,
if([food_detail_1_470] = '4', 17006,
if([food_detail_2_470_5] = '1', 17007,
if([food_detail_2_471_1] = '1', 17008,
if([food_detail_2_471_1] = '2', 17009,
if([food_detail_1_472] = '1', 17010,
if([food_detail_2_473_1] = '1', 17011,
if([food_detail_2_473_1] = '2', 17012,
if([food_detail_2_473_1] = '3', 17013,
if([food_detail_2_473_2] = '1', 17014,
if([food_detail_2_473_2] = '2', 17015,
if([food_detail_1_473] = '3', 17016,
if([food_detail_2_473_4] = '1', 17017,
if([food_detail_2_473_4] = '2', 17018,
if([food_detail_2_473_4] = '3', 17019,
if([food_detail_2_473_5] = '1', 17020,
if([food_detail_2_473_5] = '2', 17021,
if([food_detail_2_473_5] = '3', 17022,
if([food_detail_1_474] = '1', 17023,
if([food_detail_1_474] = '2', 17024,
if([food_detail_1_474] = '3', 17025,
if([food_detail_1_475] = '1', 17026,
if([food_detail_1_476] = '1', 17027,
if([food_detail_1_477] = '1', 17028,
if([food_name] = '478', 17029,
if([food_detail_2_479_1] = '1', 17030,
if([food_detail_1_480] = '1', 17031,'')))))))))))))))))))))))))))))))))))))))))))))))))))))))))))))))))))))))))))))))))))))))))))))))))))))))))))))))))))))))))))))))))))))))))))))))))))))))))))))))))))))))))))))))))))))))))))))))))))))))))))))))))))))))))))))))))))))))))))))))))))))))))))))))))))))))))))))))))))))))))))))))))))))))))))))))))))))))))))))))))))))))))))))))))))))))))))))))))))))))))))))))))))))))))))))))))))))))))))))))))))))))))))))))))))))))))))))))))))))))))))))))))))))))))))))))))))))))))))))))))))))))))))))))))))))))))))))))))))))))))))))))))))))))))))))))))))))))))))))))))))))))))))))))))))))))))))))))))))))))))))))))))))))))))))))))))))))))))))))))))))))))))))))))))))))))))))))))))))))))))))))))))))))))))))))))))))))))))))))))))))))))))))))))))))))))))))))))))))))))))))))))))))))))))))))))))))))))))))))))))))))))))))))))))))))))))))))))))))))))))))))))))))))))))))))))))))))))))))))))))))))))))))))))))))))))))))))))))))))))))))))))))))))))))",,,,,,,,,,,,
food_conversion,alimentos,,text,"Método de conversión",,,,,,,,,,,,," @CALCTEXT(if([food_detail_1_1] = '1', 'Utensilios de cocina',
if([food_detail_2_2_1] = '1', 'Material de referencia: playdough (moldear)',
if([food_detail_2_2_2] = '1', 'Material de referencia: playdough (moldear)',
if([food_detail_1_3] = '1', 'Material de referencia: playdough (moldear)',
if([food_detail_1_3] = '2', 'Material de referencia: playdough (moldear)',
if([food_detail_2_4_1] = '1', 'Material de referencia: playdough (moldear)',
if([food_detail_1_5] = '1', 'Material de referencia: playdough (moldear)',
if([food_detail_1_5] = '2', 'Material de referencia: playdough (moldear)',
if([food_detail_3_6_1_1] = '1', 'Material de referencia: arroz (llenar envase similar)',
if([food_detail_2_6_1] = '2', 'Material de referencia: arroz (llenar envase similar)',
if([food_detail_2_7_1] = '1', 'Material de referencia: arroz (llenar envase similar)',
if([food_detail_1_8] = '1', 'Material de referencia: arroz (llenar envase similar)',
if([food_detail_2_9_1] = '1', 'Material de referencia: playdough (moldear)',
if([food_detail_2_9_2] = '1', 'Medida estándar',
if([food_detail_2_9_2] = '2', 'Medida estándar',
if([food_detail_2_10_1] = '1', 'Material de referencia: arroz (llenar envase similar)',
if([food_detail_2_11_1] = '1', 'Material de referencia: arroz (llenar envase similar)',
if([food_detail_2_12_1] = '1', 'Material de referencia: arroz (llenar envase similar)',
if([food_detail_2_12_1] = '2', 'Material de referencia: arroz (llenar envase similar)',
if([food_detail_2_12_1] = '3', 'Material de referencia: arroz (llenar envase similar)',
if([food_detail_2_12_1] = '4', 'Material de referencia: arroz (llenar envase similar)',
if([food_detail_2_12_1] = '5', 'Material de referencia: arroz (llenar envase similar)',
if([food_detail_2_12_1] = '6', 'Material de referencia: arroz (llenar envase similar)',
if([food_detail_2_12_2] = '1', 'Material de referencia: arroz (llenar envase similar)',
if([food_detail_2_12_3] = '1', 'Material de referencia: arroz (llenar envase similar)',
if([food_detail_3_12_4_1] = '1', 'Material de referencia: arroz (llenar envase similar)',
if([food_detail_2_13_1] = '1', 'Material de referencia: playdough (moldear)',
if([food_detail_1_14] = '1', 'Material de referencia: arroz (llenar envase similar)',
if([food_detail_1_15] = '1', 'Material de referencia: arroz (llenar envase similar)',
if([food_detail_1_16] = '1', 'Material de referencia: playdough (moldear)',
if([food_detail_1_17] = '1', 'Material de referencia: playdough (moldear)',
if([food_detail_1_17] = '2', 'Material de referencia: playdough (moldear)',
if([food_detail_2_17_3] = '1', 'Material de referencia: playdough (moldear)',
if([food_detail_1_17] = '4', 'Material de referencia: playdough (moldear)',
if([food_detail_1_18] = '1', 'Medida estándar',
if([food_detail_1_19] = '1', 'Medida estándar',
if([food_detail_1_20] = '1', 'Medida estándar',
if([food_detail_1_20] = '2', 'Medida estándar',
if([food_detail_2_21_1] = '1', 'Medida estándar',
if([food_detail_2_21_1] = '2', 'Medida estándar',
if([food_detail_2_21_1] = '3', 'Medida estándar',
if([food_detail_2_21_2] = '1', 'Medida estándar',
if([food_detail_2_21_2] = '2', 'Medida estándar',
if([food_detail_2_21_2] = '3', 'Medida estándar',
if([food_detail_2_21_2] = '4', 'Medida estándar',
if([food_detail_2_21_3] = '1', 'Medida estándar',
if([food_detail_2_21_3] = '2', 'Medida estándar',
if([food_detail_2_21_4] = '1', 'Medida estándar',
if([food_detail_2_21_5] = '1', 'Medida estándar',
if([food_detail_2_21_6] = '1', 'Medida estándar',
if([food_detail_2_21_6] = '2', 'Medida estándar',
if([food_detail_2_21_6] = '3', 'Medida estándar',
if([food_detail_2_21_7] = '1', 'Medida estándar',
if([food_detail_2_21_7] = '2', 'Medida estándar',
if([food_detail_2_21_7] = '3', 'Medida estándar',
if([food_detail_2_21_8] = '1', 'Medida estándar',
if([food_detail_2_21_9] = '1', 'Medida estándar',
if([food_detail_2_21_10] = '1', 'Medida estándar',
if([food_detail_2_21_11] = '1', 'Medida estándar',
if([food_detail_2_21_12] = '1', 'Medida estándar',
if([food_detail_2_21_13] = '1', 'Medida estándar',
if([food_detail_2_21_13] = '2', 'Medida estándar',
if([food_detail_2_21_13] = '3', 'Medida estándar',
if([food_detail_2_21_13] = '4', 'Medida estándar',
if([food_detail_2_21_14] = '1', 'Medida estándar',
if([food_detail_2_21_14] = '2', 'Medida estándar',
if([food_detail_2_21_15] = '1', 'Medida estándar',
if([food_detail_2_21_16] = '1', 'Medida estándar',
if([food_detail_2_21_17] = '1', 'Medida estándar',
if([food_detail_2_21_18] = '1', 'Medida estándar',
if([food_detail_2_21_18] = '2', 'Medida estándar',
if([food_detail_2_21_19] = '1', 'Medida estándar',
if([food_detail_2_21_19] = '2', 'Medida estándar',
if([food_detail_2_21_19] = '3', 'Medida estándar',
if([food_detail_2_21_19] = '4', 'Medida estándar',
if([food_detail_2_21_19] = '5', 'Medida estándar',
if([food_detail_2_21_20] = '1', 'Medida estándar',
if([food_name] = '21', 'Medida estándar',
if([food_detail_2_21_9] = '2', 'Medida estándar',
if([food_detail_2_21_21] = '1', 'Medida estándar',
if([food_detail_1_22] = '1', 'Material de referencia: arroz (llenar envase similar)',
if([food_detail_1_23] = '1', 'Material de referencia: arroz (llenar envase similar)',
if([food_detail_1_24] = '1', 'Material de referencia: arroz (llenar envase similar)',
if([food_detail_1_25] = '1', 'Material de referencia: arroz (llenar envase similar)',
if([food_detail_2_25_2] = '1', 'Material de referencia: arroz (llenar envase similar)',
if([food_detail_1_26] = '1', 'Material de referencia: arroz (llenar envase similar)',
if([food_detail_1_27] = '1', 'Material de referencia: arroz (llenar envase similar)',
if([food_detail_1_28] = '1', 'Material de referencia: arroz (llenar envase similar)',
if([food_detail_1_28] = '2', 'Material de referencia: arroz (llenar envase similar)',
if([food_detail_1_29] = '1', 'Material de referencia: arroz (llenar envase similar)',
if([food_detail_2_30_1] = '1', 'Material de referencia: arroz (llenar envase similar)',
if([food_detail_2_30_2] = '1', 'Material de referencia: arroz (llenar envase similar)',
if([food_detail_2_30_3] = '1', 'Material de referencia: arroz (llenar envase similar)',
if([food_detail_1_31] = '1', 'Material de referencia: arroz (llenar envase similar)',
if([food_detail_2_32_1] = '1', 'Material de referencia: playdough (moldear)',
if([food_detail_1_33] = '1', 'Material de referencia: arroz (llenar envase similar)',
if([food_detail_1_33] = '2', 'Material de referencia: arroz (llenar envase similar)',
if([food_detail_1_34] = '1', 'Material de referencia: arroz (llenar envase similar)',
if([food_detail_1_34] = '2', 'Material de referencia: arroz (llenar envase similar)',
if([food_detail_1_35] = '1', 'Material de referencia: arroz (llenar envase similar)',
if([food_detail_2_36_1] = '1', 'Material de referencia: arroz (llenar envase similar)',
if([food_detail_1_37] = '1', 'Material de referencia: arroz (llenar envase similar)',
if([food_detail_1_38] = '1', 'Material de referencia: arroz (llenar envase similar)',
if([food_detail_1_39] = '1', 'Material de referencia: arroz (llenar envase similar)',
if([food_detail_1_40] = '1', 'Material de referencia: arroz (llenar envase similar)',
if([food_detail_1_41] = '1', 'Material de referencia: arroz (llenar envase similar)',
if([food_detail_2_42_1] = '1', 'Medida estándar',
if([food_detail_1_43] = '1', 'Material de referencia: playdough (moldear)',
if([food_detail_1_44] = '1', 'Material de referencia: arroz (llenar envase similar)',
if([food_detail_1_45] = '1', 'Material de referencia: arroz (llenar envase similar)',
if([food_detail_2_46_1] = '1', 'Material de referencia: playdough (moldear)',
if([food_detail_1_47] = '1', 'Material de referencia: playdough (moldear)',
if([food_detail_1_48] = '1', 'Material de referencia: playdough (moldear)',
if([food_detail_2_49_1] = '1', 'Material de referencia: playdough (moldear)',
if([food_detail_2_49_2] = '1', 'Medida estándar',
if([food_detail_3_49_3_1] = '1', 'Medida estándar',
if([food_detail_1_50] = '1', 'Material de referencia: playdough (moldear)',
if([food_detail_2_51_1] = '1', 'Material de referencia: playdough (moldear)',
if([food_detail_1_52] = '1', 'Material de referencia: playdough (moldear)',
if([food_detail_1_53] = '1', 'Material de referencia: playdough (moldear)',
if([food_detail_1_54] = '1', 'Material de referencia: playdough (moldear)',
if([food_detail_1_55] = '1', 'Material de referencia: playdough (moldear)',
if([food_detail_1_56] = '1', 'Material de referencia: playdough (moldear)',
if([food_detail_2_57_1] = '1', 'Material de referencia: playdough (moldear)',
if([food_detail_1_58] = '1', 'Material de referencia: playdough (moldear)',
if([food_detail_3_59_1_1] = '1', 'Material de referencia: playdough (moldear)',
if([food_detail_2_59_2] = '1', 'Medida estándar',
if([food_detail_3_59_3_1] = '1', 'Material de referencia: playdough (moldear)',
if([food_detail_2_59_3] = '2', '',
if([food_detail_1_59] = '4', 'Utensilios de cocina',
if([food_name] = '60', 'Utensilios de cocina',
if([food_detail_2_61_1] = '1', 'Material de referencia: playdough (moldear)',
if([food_detail_1_61] = '2', 'Material de referencia: playdough (moldear)',
if([food_detail_3_61_3_1] = '1', 'Material de referencia: playdough (moldear)',
if([food_detail_2_62_1] = '1', 'Material de referencia: playdough (moldear)',
if([food_detail_2_63_1] = '1', 'Medida estándar',
if([food_detail_2_63_2] = '1', 'Medida estándar',
if([food_detail_2_63_3] = '1', 'Medida estándar',
if([food_detail_2_63_4] = '1', 'Medida estándar',
if([food_detail_2_63_5] = '1', 'Medida estándar',
if([food_detail_2_63_5] = '2', 'Medida estándar',
if([food_detail_2_63_5] = '3', 'Medida estándar',
if([food_detail_2_63_6] = '1', 'Medida estándar',
if([food_detail_2_63_7] = '1', 'Medida estándar',
if([food_detail_2_63_8] = '1', 'Medida estándar',
if([food_detail_2_63_9] = '1', 'Medida estándar',
if([food_detail_2_63_10] = '1', 'Medida estándar',
if([food_detail_2_63_11] = '1', 'Medida estándar',
if([food_detail_2_63_11] = '2', 'Medida estándar',
if([food_detail_2_63_11] = '3', 'Medida estándar',
if([food_detail_2_63_12] = '1', 'Medida estándar',
if([food_detail_2_63_12] = '2', 'Medida estándar',
if([food_detail_1_64] = '1', 'Material de referencia: arroz (llenar envase similar)',
if([food_detail_1_65] = '1', 'Medida estándar',
if([food_detail_1_66] = '1', 'Medida estándar',
if([food_detail_1_67] = '1', 'Medida estándar',
if([food_detail_2_68_1] = '1', 'Medida estándar',
if([food_detail_2_68_2] = '1', 'Medida estándar',
if([food_detail_2_69_1] = '1', 'Material de referencia: arroz (llenar envase similar)',
if([food_detail_2_69_2] = '1', 'Material de referencia: arroz (llenar envase similar)',
if([food_detail_1_70] = '1', 'Medida estándar',
if([food_detail_1_71] = '1', 'Material de referencia: arroz (llenar envase similar)',
if([food_detail_1_72] = '1', 'Material de referencia: arroz (llenar envase similar)',
if([food_detail_2_73_1] = '1', 'Medida estándar',
if([food_detail_2_73_1] = '2', 'Medida estándar',
if([food_detail_2_73_1] = '3', 'Medida estándar',
if([food_detail_2_73_1] = '4', 'Medida estándar',
if([food_detail_2_73_1] = '5', 'Medida estándar',
if([food_detail_2_73_2] = '1', 'Medida estándar',
if([food_detail_2_73_2] = '2', 'Medida estándar',
if([food_detail_2_73_2] = '3', 'Medida estándar',
if([food_detail_1_74] = '1', 'Medida estándar',
if([food_detail_2_75_1] = '1', 'Medida estándar',
if([food_detail_2_76_1] = '1', 'Medida estándar',
if([food_detail_1_76] = '2', 'Medida estándar',
if([food_detail_1_77] = '1', 'Medida estándar',
if([food_detail_2_78_1] = '1', 'Medida estándar',
if([food_detail_1_79] = '1', 'Medida estándar',
if([food_detail_1_80] = '1', 'Material de referencia: arroz (llenar envase similar)',
if([food_detail_1_81] = '1', 'Material de referencia: arroz (llenar envase similar)',
if([food_detail_3_82_1_1] = '1', 'Material de referencia: playdough (moldear)',
if([food_detail_3_82_2_1] = '1', 'Material de referencia: playdough (moldear)',
if([food_detail_3_82_3_1] = '1', 'Material de referencia: playdough (moldear)',
if([food_detail_2_83_1] = '1', 'Material de referencia: playdough (moldear)',
if([food_name] = '84', 'Material de referencia: playdough (moldear)',
if([food_detail_1_85] = '1', 'Material de referencia: arroz (llenar envase similar)',
if([food_detail_1_86] = '1', 'Material de referencia: arroz (llenar envase similar)',
if([food_detail_1_87] = '1', 'Material de referencia: arroz (llenar envase similar)',
if([food_detail_1_88] = '1', 'Material de referencia: arroz (llenar envase similar)',
if([food_detail_1_89] = '1', 'Material de referencia: arroz (llenar envase similar)',
if([food_detail_3_90_1_1] = '1', 'Material de referencia: playdough (moldear)',
if([food_detail_3_90_1_1] = '2', 'Material de referencia: playdough (moldear)',
if([food_detail_3_90_1_1] = '3', 'Material de referencia: playdough (moldear)',
if([food_detail_3_90_1_1] = '4', 'Material de referencia: playdough (moldear)',
if([food_detail_3_90_1_1] = '5', 'Material de referencia: playdough (moldear)',
if([food_detail_3_90_1_1] = '6', 'Material de referencia: playdough (moldear)',
if([food_detail_1_90] = '2', 'Material de referencia: playdough (moldear)',
if([food_detail_3_90_3_1] = '1', 'Material de referencia: playdough (moldear)',
if([food_detail_3_90_3_1] = '2', 'Material de referencia: playdough (moldear)',
if([food_detail_3_90_3_2] = '1', 'Material de referencia: playdough (moldear)',
if([food_detail_3_90_3_2] = '2', 'Material de referencia: playdough (moldear)',
if([food_name] = '90', 'Material de referencia: playdough (moldear)',
if([food_detail_3_90_3_2] = '3', 'Material de referencia: playdough (moldear)',
if([food_detail_3_90_3_2] = '4', 'Material de referencia: playdough (moldear)',
if([food_name] = '90', 'Material de referencia: playdough (moldear)',
if([food_detail_3_91_1_1] = '1', 'Material de referencia: playdough (moldear)',
if([food_detail_2_92_1] = '1', 'Material de referencia: playdough (moldear)',
if([food_detail_2_92_2] = '1', 'Material de referencia: playdough (moldear)',
if([food_detail_2_93_1] = '1', 'Material de referencia: playdough (moldear)',
if([food_detail_2_94_1] = '1', 'Material de referencia: playdough (moldear)',
if([food_detail_2_94_2] = '1', 'Material de referencia: playdough (moldear)',
if([food_detail_2_95_1] = '1', 'Material de referencia: playdough (moldear)',
if([food_detail_3_96_1_1] = '1', 'Material de referencia: playdough (moldear)',
if([food_detail_3_96_2_1] = '1', 'Material de referencia: playdough (moldear)',
if([food_detail_2_96_2] = '2', 'Material de referencia: playdough (moldear)',
if([food_detail_2_97_1] = '1', 'Material de referencia: playdough (moldear)',
if([food_detail_3_97_1_2] = '1', 'Material de referencia: playdough (moldear)',
if([food_detail_3_97_2_1] = '1', 'Material de referencia: playdough (moldear)',
if([food_name] = '98', 'Material de referencia: playdough (moldear)',
if([food_detail_3_98_1_1] = '1', 'Material de referencia: playdough (moldear)',
if([food_detail_2_99_1] = '1', 'Material de referencia: playdough (moldear)',
if([food_detail_2_100_1] = '1', 'Material de referencia: playdough (moldear)',
if([food_name] = '100', '',
if([food_detail_2_100_1] = '2', 'Material de referencia: playdough (moldear)',
if([food_detail_3_100_1_3] = '1', 'Material de referencia: playdough (moldear)',
if([food_detail_1_101] = '1', 'Medida estándar',
if([food_detail_1_102] = '1', 'Material de referencia: arroz (llenar envase similar)',
if([food_detail_2_103_1] = '1', 'Material de referencia: arroz (llenar envase similar)',
if([food_detail_2_103_2] = '1', 'Material de referencia: arroz (llenar envase similar)',
if([food_detail_1_104] = '1', 'Material de referencia: arroz (llenar envase similar)',
if([food_detail_1_104] = '2', 'Material de referencia: arroz (llenar envase similar)',
if([food_detail_1_105] = '1', 'Material de referencia: arroz (llenar envase similar)',
if([food_detail_1_106] = '1', 'Material de referencia: arroz (llenar envase similar)',
if([food_detail_1_107] = '1', 'Material de referencia: arroz (llenar envase similar)',
if([food_detail_1_108] = '1', 'Material de referencia: arroz (llenar envase similar)',
if([food_detail_1_109] = '1', 'Material de referencia: arroz (llenar envase similar)',
if([food_detail_1_110] = '1', 'Material de referencia: arroz (llenar envase similar)',
if([food_detail_2_111_1] = '1', 'Material de referencia: arroz (llenar envase similar)',
if([food_detail_1_111] = '2', 'Material de referencia: arroz (llenar envase similar)',
if([food_detail_1_112] = '1', 'Material de referencia: arroz (llenar envase similar)',
if([food_detail_1_113] = '1', 'Material de referencia: arroz (llenar envase similar)',
if([food_detail_1_114] = '1', 'Material de referencia: arroz (llenar envase similar)',
if([food_detail_1_115] = '1', 'Material de referencia: arroz (llenar envase similar)',
if([food_detail_1_116] = '1', 'Material de referencia: arroz (llenar envase similar)',
if([food_detail_1_117] = '1', 'Material de referencia: arroz (llenar envase similar)',
if([food_detail_1_118] = '1', 'Material de referencia: arroz (llenar envase similar)',
if([food_detail_1_118] = '2', 'Material de referencia: arroz (llenar envase similar)',
if([food_detail_2_119_1] = '1', 'Material de referencia: arroz (llenar envase similar)',
if([food_detail_1_119] = '2', 'Material de referencia: arroz (llenar envase similar)',
if([food_detail_1_120] = '1', 'Material de referencia: arroz (llenar envase similar)',
if([food_detail_1_121] = '1', 'Material de referencia: arroz (llenar envase similar)',
if([food_detail_1_122] = '1', 'Material de referencia: arroz (llenar envase similar)',
if([food_detail_1_123] = '1', 'Material de referencia: arroz (llenar envase similar)',
if([food_detail_1_124] = '1', 'Material de referencia: arroz (llenar envase similar)',
if([food_detail_1_125] = '1', 'Material de referencia: arroz (llenar envase similar)',
if([food_detail_2_126_1] = '1', 'Material de referencia: arroz (llenar envase similar)',
if([food_detail_2_127_1] = '1', 'Material de referencia: arroz (llenar envase similar)',
if([food_detail_1_127] = '2', 'Material de referencia: arroz (llenar envase similar)',
if([food_detail_1_128] = '1', 'Material de referencia: arroz (llenar envase similar)',
if([food_detail_1_129] = '1', 'Material de referencia: arroz (llenar envase similar)',
if([food_detail_1_129] = '2', 'Material de referencia: arroz (llenar envase similar)',
if([food_detail_2_130_1] = '1', 'Material de referencia: arroz (llenar envase similar)',
if([food_name] = '130', 'Material de referencia: arroz (llenar envase similar)',
if([food_name] = '130', 'Material de referencia: arroz (llenar envase similar)',
if([food_name] = '131', 'Material de referencia: arroz (llenar envase similar)',
if([food_detail_3_131_1_1] = '1', 'Material de referencia: arroz (llenar envase similar)',
if([food_detail_2_131_2] = '1', 'Material de referencia: arroz (llenar envase similar)',
if([food_name] = '131', 'Material de referencia: arroz (llenar envase similar)',
if([food_detail_1_132] = '1', 'Material de referencia: arroz (llenar envase similar)',
if([food_detail_1_133] = '1', 'Material de referencia: arroz (llenar envase similar)',
if([food_detail_2_134_1] = '1', 'Material de referencia: arroz (llenar envase similar)',
if([food_detail_1_134] = '2', 'Material de referencia: arroz (llenar envase similar)',
if([food_detail_2_134_3] = '1', 'Material de referencia: arroz (llenar envase similar)',
if([food_detail_1_135] = '1', 'Material de referencia: arroz (llenar envase similar)',
if([food_detail_2_136_1] = '1', 'Material de referencia: arroz (llenar envase similar)',
if([food_detail_2_137_1] = '1', 'Material de referencia: arroz (llenar envase similar)',
if([food_detail_2_137_2] = '1', 'Material de referencia: arroz (llenar envase similar)',
if([food_detail_2_138_1] = '1', 'Material de referencia: arroz (llenar envase similar)',
if([food_detail_3_138_1_2] = '1', 'Material de referencia: arroz (llenar envase similar)',
if([food_name] = '139', 'Utensilios de cocina',
if([food_detail_1_140] = '1', 'Utensilios de cocina',
if([food_detail_2_141_1] = '1', 'Material de referencia: playdough (moldear)',
if([food_detail_2_141_2] = '1', 'Medida estándar',
if([food_detail_2_141_3] = '1', 'Medida estándar',
if([food_detail_2_141_4] = '1', 'Medida estándar',
if([food_detail_2_141_5] = '1', 'Medida estándar',
if([food_detail_2_141_6] = '1', 'Medida estándar',
if([food_detail_2_141_7] = '1', 'Medida estándar',
if([food_detail_2_141_8] = '1', 'Medida estándar',
if([food_detail_2_141_9] = '1', 'Medida estándar',
if([food_detail_2_141_10] = '1', 'Medida estándar',
if([food_detail_2_141_11] = '1', 'Medida estándar',
if([food_detail_2_141_12] = '1', 'Medida estándar',
if([food_detail_2_141_13] = '1', 'Medida estándar',
if([food_detail_2_141_14] = '1', 'Medida estándar',
if([food_detail_2_141_15] = '1', 'Medida estándar',
if([food_detail_2_141_16] = '1', 'Medida estándar',
if([food_detail_2_141_17] = '1', 'Medida estándar',
if([food_detail_2_141_18] = '1', 'Medida estándar',
if([food_detail_2_141_2] = '2', 'Material de referencia: arroz (llenar envase similar)',
if([food_detail_2_142_1] = '1', 'Material de referencia: arroz (llenar envase similar)',
if([food_detail_3_142_1_2] = '1', 'Material de referencia: arroz (llenar envase similar)',
if([food_detail_2_142_2] = '1', 'Medida estándar',
if([food_detail_2_142_2] = '2', 'Medida estándar',
if([food_detail_2_142_3] = '1', 'Medida estándar',
if([food_detail_2_142_3] = '2', 'Medida estándar',
if([food_detail_2_142_4] = '1', 'Material de referencia: arroz (llenar envase similar)',
if([food_detail_2_142_4] = '2', 'Medida estándar',
if([food_detail_1_143] = '1', 'Utensilios de cocina',
if([food_name] = '144', 'Utensilios de cocina',
if([food_name] = '144', 'Medida estándar',
if([food_detail_3_145_1_1] = '1', 'Material de referencia: arroz (llenar envase similar)',
if([food_detail_3_145_2_1] = '1', 'Medida estándar',
if([food_name] = '146', 'Material de referencia: arroz (llenar envase similar)',
if([food_detail_3_147_1_1] = '1', 'Material de referencia: arroz (llenar envase similar)',
if([food_detail_2_148_1] = '1', 'Utensilios de cocina',
if([food_detail_2_148_2] = '1', 'Utensilios de cocina',
if([food_detail_2_148_3] = '1', 'Utensilios de cocina',
if([food_detail_2_148_3] = '2', 'Utensilios de cocina',
if([food_detail_3_148_2_2] = '1', 'Material de referencia: arroz (llenar envase similar)',
if([food_detail_3_148_3_3] = '1', 'Material de referencia: arroz (llenar envase similar)',
if([food_detail_3_148_3_3] = '2', 'Material de referencia: arroz (llenar envase similar)',
if([food_detail_3_148_3_3] = '3', 'Material de referencia: arroz (llenar envase similar)',
if([food_detail_3_148_4_1] = '1', 'Material de referencia: arroz (llenar envase similar)',
if([food_detail_1_149] = '1', 'Utensilios de cocina',
if([food_name] = '149', 'Medida estándar',
if([food_detail_2_150_1] = '1', 'Material de referencia: arroz (llenar envase similar)',
if([food_detail_1_151] = '1', 'Utensilios de cocina',
if([food_detail_3_152_1_1] = '1', 'Utensilios de cocina',
if([food_detail_3_152_2_1] = '1', 'Material de referencia: playdough (moldear)',
if([food_detail_3_152_3_1] = '1', 'Material de referencia: playdough (moldear)',
if([food_detail_3_152_3_1] = '2', 'Material de referencia: playdough (moldear)',
if([food_detail_3_152_3_1] = '3', 'Material de referencia: playdough (moldear)',
if([food_detail_3_152_3_2] = '1', 'Material de referencia: playdough (moldear)',
if([food_detail_3_152_3_2] = '2', 'Material de referencia: playdough (moldear)',
if([food_detail_3_152_3_3] = '1', 'Material de referencia: playdough (moldear)',
if([food_detail_3_153_1_1] = '1', 'Material de referencia: playdough (moldear)',
if([food_detail_3_153_1_1] = '2', 'Material de referencia: playdough (moldear)',
if([food_detail_3_153_2_1] = '1', 'Material de referencia: arroz (llenar envase similar)',
if([food_detail_3_153_2_1] = '2', 'Material de referencia: playdough (moldear)',
if([food_detail_3_153_3_1] = '1', 'Material de referencia: playdough (moldear)',
if([food_detail_3_153_3_1] = '2', 'Material de referencia: playdough (moldear)',
if([food_detail_3_154_1_1] = '1', 'Medida estándar',
if([food_detail_3_155_1_1] = '1', 'Medida estándar',
if([food_detail_3_156_1_1] = '1', 'Material de referencia: arroz (llenar envase similar)',
if([food_detail_3_156_1_2] = '1', 'Material de referencia: arroz (llenar envase similar)',
if([food_detail_3_156_1_3] = '1', 'Material de referencia: arroz (llenar envase similar)',
if([food_detail_3_156_2_1] = '1', 'Medida estándar',
if([food_detail_3_156_2_1] = '2', 'Medida estándar',
if([food_detail_3_156_2_1] = '3', 'Medida estándar',
if([food_detail_3_156_3_1] = '1', 'Medida estándar',
if([food_detail_3_156_4_1] = '1', 'Medida estándar',
if([food_detail_3_156_4_1] = '2', 'Medida estándar',
if([food_detail_3_156_4_1] = '3', 'Medida estándar',
if([food_detail_3_156_5_1] = '1', 'Medida estándar',
if([food_detail_3_156_5_1] = '2', 'Medida estándar',
if([food_detail_3_156_5_1] = '3', 'Medida estándar',
if([food_detail_3_156_5_1] = '4', 'Medida estándar',
if([food_detail_2_157_1] = '1', 'Medida estándar',
if([food_detail_2_157_2] = '1', 'Medida estándar',
if([food_detail_2_157_3] = '1', 'Medida estándar',
if([food_detail_2_157_3] = '2', 'Medida estándar',
if([food_detail_2_157_4] = '1', 'Medida estándar',
if([food_detail_1_158] = '1', 'Medida estándar',
if([food_detail_1_158] = '2', 'Medida estándar',
if([food_detail_1_158] = '3', 'Medida estándar',
if([food_detail_2_159_1] = '1', 'Medida estándar',
if([food_detail_2_160_1] = '1', 'Medida estándar',
if([food_detail_3_160_2_1] = '1', 'Medida estándar',
if([food_detail_2_160_2] = '2', 'Medida estándar',
if([food_detail_2_160_2] = '3', 'Material de referencia: arroz (llenar envase similar)',
if([food_detail_3_160_2_4] = '1', 'Medida estándar',
if([food_detail_3_160_2_5] = '1', 'Medida estándar',
if([food_detail_3_160_2_6] = '1', 'Medida estándar',
if([food_detail_2_160_3] = '1', 'Medida estándar',
if([food_detail_2_161_1] = '1', 'Medida estándar',
if([food_detail_2_162_1] = '1', 'Medida estándar',
if([food_detail_2_163_1] = '1', 'Medida estándar',
if([food_detail_2_164_1] = '1', 'Medida estándar',
if([food_detail_2_165_1] = '1', 'Medida estándar',
if([food_detail_2_166_1] = '1', 'Material de referencia: playdough (moldear)',
if([food_detail_1_167] = '1', 'Medida estándar',
if([food_detail_1_167] = '2', 'Medida estándar',
if([food_detail_3_168_1_1] = '1', 'Material de referencia: playdough (moldear)',
if([food_detail_3_168_2_1] = '1', 'Material de referencia: playdough (moldear)',
if([food_detail_3_168_2_2] = '1', 'Material de referencia: playdough (moldear)',
if([food_detail_3_168_3_1] = '1', 'Material de referencia: playdough (moldear)',
if([food_detail_3_169_1_1] = '1', 'Material de referencia: playdough (moldear)',
if([food_detail_2_169_2] = '1', 'Material de referencia: playdough (moldear)',
if([food_detail_3_169_2_2] = '1', 'Material de referencia: playdough (moldear)',
if([food_detail_2_170_1] = '1', 'Material de referencia: playdough (moldear)',
if([food_detail_3_171_1_1] = '1', 'Material de referencia: playdough (moldear)',
if([food_detail_2_171_2] = '1', 'Material de referencia: playdough (moldear)',
if([food_detail_1_172] = '1', 'Material de referencia: playdough (moldear)',
if([food_detail_2_173_1] = '1', 'Material de referencia: playdough (moldear)',
if([food_detail_1_173] = '2', 'Material de referencia: playdough (moldear)',
if([food_detail_1_174] = '1', 'Material de referencia: playdough (moldear)',
if([food_detail_1_175] = '1', 'Material de referencia: playdough (moldear)',
if([food_detail_2_176_1] = '1', 'Material de referencia: playdough (moldear)',
if([food_detail_3_177_1_1] = '1', 'Material de referencia: playdough (moldear)',
if([food_detail_2_178_1] = '1', 'Material de referencia: playdough (moldear)',
if([food_detail_1_179] = '1', 'Material de referencia: playdough (moldear)',
if([food_detail_1_180] = '1', 'Material de referencia: playdough (moldear)',
if([food_detail_2_181_1] = '1', 'Material de referencia: playdough (moldear)',
if([food_detail_2_182_1] = '1', 'Material de referencia: playdough (moldear)',
if([food_detail_2_183_1] = '1', 'Material de referencia: playdough (moldear)',
if([food_detail_2_184_1] = '1', 'Material de referencia: playdough (moldear)',
if([food_detail_2_185_1] = '1', 'Material de referencia: playdough (moldear)',
if([food_detail_2_186_1] = '1', 'Material de referencia: playdough (moldear)',
if([food_detail_2_187_1] = '1', 'Material de referencia: playdough (moldear)',
if([food_detail_1_188] = '1', 'Material de referencia: playdough (moldear)',
if([food_detail_1_189] = '1', 'Material de referencia: playdough (moldear)',
if([food_detail_1_190] = '1', 'Material de referencia: playdough (moldear)',
if([food_detail_2_191_1] = '1', 'Material de referencia: playdough (moldear)',
if([food_detail_2_192_1] = '1', 'Material de referencia: playdough (moldear)',
if([food_detail_1_193] = '1', 'Material de referencia: playdough (moldear)',
if([food_detail_2_193_2] = '1', 'Material de referencia: playdough (moldear)',
if([food_detail_1_194] = '1', 'Material de referencia: playdough (moldear)',
if([food_detail_1_194] = '2', 'Material de referencia: playdough (moldear)',
if([food_detail_2_195_1] = '1', 'Material de referencia: playdough (moldear)',
if([food_detail_2_196_1] = '1', 'Material de referencia: playdough (moldear)',
if([food_detail_2_197_1] = '1', 'Material de referencia: playdough (moldear)',
if([food_detail_2_197_2] = '1', 'Material de referencia: playdough (moldear)',
if([food_detail_2_197_3] = '1', 'Material de referencia: playdough (moldear)',
if([food_detail_3_198_1_1] = '1', 'Material de referencia: playdough (moldear)',
if([food_detail_2_198_2] = '1', 'Material de referencia: playdough (moldear)',
if([food_detail_2_198_3] = '1', 'Material de referencia: playdough (moldear)',
if([food_detail_2_199_1] = '1', 'Material de referencia: playdough (moldear)',
if([food_detail_2_200_1] = '1', 'Material de referencia: playdough (moldear)',
if([food_detail_3_201_1_1] = '1', 'Material de referencia: playdough (moldear)',
if([food_detail_2_201_1] = '2', 'Material de referencia: playdough (moldear)',
if([food_detail_2_202_1] = '1', 'Material de referencia: playdough (moldear)',
if([food_detail_3_203_1_1] = '1', 'Material de referencia: playdough (moldear)',
if([food_detail_2_203_1] = '2', 'Material de referencia: playdough (moldear)',
if([food_detail_2_204_1] = '1', 'Material de referencia: playdough (moldear)',
if([food_detail_2_205_1] = '1', 'Material de referencia: playdough (moldear)',
if([food_detail_2_206_1] = '1', 'Material de referencia: playdough (moldear)',
if([food_detail_1_207] = '1', 'Material de referencia: playdough (moldear)',
if([food_detail_2_208_1] = '1', 'Material de referencia: playdough (moldear)',
if([food_detail_2_208_2] = '1', 'Material de referencia: playdough (moldear)',
if([food_detail_3_208_2_2] = '1', 'Material de referencia: playdough (moldear)',
if([food_detail_2_208_3] = '1', 'Material de referencia: playdough (moldear)',
if([food_detail_2_208_4] = '1', 'Material de referencia: playdough (moldear)',
if([food_detail_2_208_5] = '1', 'Material de referencia: playdough (moldear)',
if([food_detail_2_208_6] = '1', 'Material de referencia: playdough (moldear)',
if([food_detail_2_208_7] = '1', 'Material de referencia: playdough (moldear)',
if([food_detail_2_208_7] = '2', 'Material de referencia: playdough (moldear)',
if([food_detail_3_208_7_3] = '1', 'Material de referencia: playdough (moldear)',
if([food_detail_2_208_8] = '1', 'Material de referencia: playdough (moldear)',
if([food_detail_3_208_9_1] = '1', 'Material de referencia: playdough (moldear)',
if([food_detail_2_208_9] = '2', 'Material de referencia: playdough (moldear)',
if([food_detail_3_208_9_3] = '1', 'Material de referencia: playdough (moldear)',
if([food_detail_2_208_10] = '1', 'Material de referencia: playdough (moldear)',
if([food_detail_2_208_10] = '2', 'Material de referencia: playdough (moldear)',
if([food_detail_3_208_10_3] = '1', 'Material de referencia: playdough (moldear)',
if([food_detail_3_208_11_1] = '1', 'Material de referencia: playdough (moldear)',
if([food_detail_2_208_11] = '2', 'Material de referencia: playdough (moldear)',
if([food_detail_3_208_11_3] = '1', 'Material de referencia: playdough (moldear)',
if([food_detail_2_208_12] = '1', 'Material de referencia: playdough (moldear)',
if([food_detail_3_208_13_1] = '1', 'Material de referencia: playdough (moldear)',
if([food_detail_2_208_13] = '2', 'Material de referencia: playdough (moldear)',
if([food_detail_3_208_13_3] = '1', 'Material de referencia: playdough (moldear)',
if([food_detail_3_208_13_4] = '1', 'Material de referencia: playdough (moldear)',
if([food_detail_3_209_1_1] = '1', 'Material de referencia: playdough (moldear)',
if([food_detail_2_209_2] = '1', 'Material de referencia: playdough (moldear)',
if([food_detail_1_210] = '1', 'Material de referencia: playdough (moldear)',
if([food_detail_1_211] = '1', 'Material de referencia: playdough (moldear)',
if([food_detail_2_212_1] = '1', 'Material de referencia: playdough (moldear)',
if([food_detail_1_213] = '1', 'Material de referencia: playdough (moldear)',
if([food_detail_1_214] = '1', 'Material de referencia: playdough (moldear)',
if([food_detail_2_215_1] = '1', 'Material de referencia: playdough (moldear)',
if([food_detail_2_215_2] = '1', 'Material de referencia: playdough (moldear)',
if([food_detail_2_215_3] = '1', 'Material de referencia: playdough (moldear)',
if([food_detail_2_215_4] = '1', 'Material de referencia: playdough (moldear)',
if([food_detail_1_216] = '1', 'Material de referencia: playdough (moldear)',
if([food_detail_1_217] = '1', 'Material de referencia: playdough (moldear)',
if([food_detail_1_218] = '1', 'Material de referencia: playdough (moldear)',
if([food_detail_2_219_1] = '1', 'Material de referencia: playdough (moldear)',
if([food_detail_1_220] = '1', 'Material de referencia: playdough (moldear)',
if([food_detail_2_221_1] = '1', 'Medida estándar',
if([food_detail_1_222] = '1', 'Medida estándar',
if([food_detail_1_223] = '1', 'Medida estándar',
if([food_detail_1_224] = '1', 'Medida estándar',
if([food_detail_1_225] = '1', 'Medida estándar',
if([food_detail_2_226_1] = '1', 'Material de referencia: playdough (moldear)',
if([food_detail_2_226_2] = '1', 'Material de referencia: playdough (moldear)',
if([food_detail_2_226_3] = '1', 'Material de referencia: playdough (moldear)',
if([food_detail_3_226_3_2] = '1', 'Material de referencia: playdough (moldear)',
if([food_detail_2_226_4] = '1', 'Material de referencia: playdough (moldear)',
if([food_detail_3_226_4_2] = '1', 'Material de referencia: playdough (moldear)',
if([food_detail_3_226_5_1] = '1', 'Material de referencia: playdough (moldear)',
if([food_detail_2_226_6] = '1', 'Material de referencia: playdough (moldear)',
if([food_detail_2_226_6] = '2', 'Material de referencia: playdough (moldear)',
if([food_detail_2_226_7] = '1', 'Material de referencia: playdough (moldear)',
if([food_detail_3_227_1_1] = '1', 'Material de referencia: playdough (moldear)',
if([food_detail_3_227_1_2] = '1', 'Material de referencia: playdough (moldear)',
if([food_detail_2_227_1] = '3', 'Material de referencia: playdough (moldear)',
if([food_detail_3_227_1_4] = '1', 'Material de referencia: playdough (moldear)',
if([food_detail_3_227_2_1] = '1', 'Material de referencia: playdough (moldear)',
if([food_detail_3_227_3_1] = '1', 'Material de referencia: playdough (moldear)',
if([food_detail_2_227_3] = '2', 'Material de referencia: playdough (moldear)',
if([food_detail_2_227_4] = '1', 'Material de referencia: playdough (moldear)',
if([food_detail_2_227_4] = '2', 'Material de referencia: playdough (moldear)',
if([food_detail_2_227_5] = '1', 'Material de referencia: arroz (llenar envase similar)',
if([food_detail_2_227_6] = '1', 'Material de referencia: playdough (moldear)',
if([food_detail_2_227_7] = '1', 'Material de referencia: playdough (moldear)',
if([food_detail_2_227_8] = '1', 'Material de referencia: playdough (moldear)',
if([food_detail_2_227_9] = '1', 'Material de referencia: playdough (moldear)',
if([food_detail_2_227_10] = '1', 'Material de referencia: playdough (moldear)',
if([food_detail_2_227_11] = '1', 'Material de referencia: playdough (moldear)',
if([food_detail_2_227_11] = '2', 'Material de referencia: playdough (moldear)',
if([food_detail_3_227_12_1] = '1', 'Material de referencia: playdough (moldear)',
if([food_detail_2_227_12] = '2', 'Material de referencia: playdough (moldear)',
if([food_detail_2_227_13] = '1', 'Material de referencia: playdough (moldear)',
if([food_detail_3_227_13_2] = '1', 'Material de referencia: playdough (moldear)',
if([food_detail_2_227_13] = '3', 'Material de referencia: playdough (moldear)',
if([food_detail_3_227_14_1] = '1', 'Material de referencia: playdough (moldear)',
if([food_detail_3_227_14_2] = '1', 'Material de referencia: playdough (moldear)',
if([food_detail_2_227_14] = '3', 'Material de referencia: playdough (moldear)',
if([food_detail_3_227_14_4] = '1', 'Material de referencia: playdough (moldear)',
if([food_detail_3_227_15_1] = '1', 'Material de referencia: playdough (moldear)',
if([food_detail_2_228_1] = '1', 'Material de referencia: playdough (moldear)',
if([food_detail_2_228_2] = '1', 'Material de referencia: playdough (moldear)',
if([food_detail_2_228_3] = '1', 'Material de referencia: playdough (moldear)',
if([food_detail_2_228_4] = '1', 'Material de referencia: playdough (moldear)',
if([food_detail_3_228_5_1] = '1', 'Material de referencia: playdough (moldear)',
if([food_detail_3_228_6_1] = '1', 'Material de referencia: playdough (moldear)',
if([food_detail_2_228_6] = '2', 'Material de referencia: playdough (moldear)',
if([food_detail_2_228_7] = '1', 'Material de referencia: playdough (moldear)',
if([food_detail_3_228_7_2] = '1', 'Material de referencia: playdough (moldear)',
if([food_detail_3_228_8_1] = '1', 'Material de referencia: playdough (moldear)',
if([food_detail_2_228_9] = '1', 'Material de referencia: playdough (moldear)',
if([food_detail_3_228_9_2] = '1', 'Material de referencia: playdough (moldear)',
if([food_detail_2_228_10] = '1', 'Material de referencia: playdough (moldear)',
if([food_detail_3_228_11_1] = '1', 'Material de referencia: playdough (moldear)',
if([food_detail_2_228_11] = '2', 'Material de referencia: playdough (moldear)',
if([food_detail_3_228_11_3] = '1', 'Material de referencia: playdough (moldear)',
if([food_detail_3_228_11_4] = '1', 'Material de referencia: playdough (moldear)',
if([food_detail_2_228_12] = '1', 'Material de referencia: playdough (moldear)',
if([food_detail_2_228_13] = '1', 'Material de referencia: playdough (moldear)',
if([food_detail_3_228_14_1] = '1', 'Material de referencia: playdough (moldear)',
if([food_detail_2_228_15] = '1', 'Material de referencia: playdough (moldear)',
if([food_detail_3_228_16_1] = '1', 'Material de referencia: playdough (moldear)',
if([food_detail_2_228_17] = '1', 'Material de referencia: playdough (moldear)',
if([food_detail_2_228_18] = '1', 'Material de referencia: playdough (moldear)',
if([food_detail_2_228_19] = '1', 'Material de referencia: playdough (moldear)',
if([food_detail_3_228_19_2] = '1', 'Material de referencia: playdough (moldear)',
if([food_detail_3_228_20_1] = '1', 'Material de referencia: playdough (moldear)',
if([food_detail_2_228_20] = '2', 'Material de referencia: playdough (moldear)',
if([food_detail_3_228_21_1] = '1', 'Material de referencia: playdough (moldear)',
if([food_detail_2_228_22] = '1', 'Material de referencia: playdough (moldear)',
if([food_detail_3_228_3_2] = '1', 'Material de referencia: playdough (moldear)',
if([food_detail_1_229] = '1', 'Material de referencia: playdough (moldear)',
if([food_detail_2_230_1] = '1', 'Medida estándar',
if([food_detail_1_230] = '2', 'Material de referencia: playdough (moldear)',
if([food_detail_1_231] = '1', 'Material de referencia: playdough (moldear)',
if([food_detail_1_232] = '1', 'Material de referencia: playdough (moldear)',
if([food_detail_2_233_1] = '1', 'Material de referencia: playdough (moldear)',
if([food_detail_2_233_2] = '1', 'Material de referencia: playdough (moldear)',
if([food_detail_2_234_1] = '1', 'Material de referencia: playdough (moldear)',
if([food_detail_1_235] = '1', 'Medida estándar',
if([food_detail_1_236] = '1', 'Medida estándar',
if([food_detail_1_237] = '1', 'Medida estándar',
if([food_detail_1_238] = '1', 'Medida estándar',
if([food_detail_1_239] = '1', 'Material de referencia: arroz (llenar envase similar)',
if([food_detail_1_239] = '2', 'Material de referencia: arroz (llenar envase similar)',
if([food_detail_2_240_1] = '1', 'Material de referencia: arroz (llenar envase similar)',
if([food_detail_2_240_2] = '1', 'Material de referencia: arroz (llenar envase similar)',
if([food_name] = '241', 'Material de referencia: playdough (moldear)',
if([food_detail_2_241_1] = '1', 'Material de referencia: arroz (llenar envase similar)',
if([food_detail_2_241_2] = '1', 'Material de referencia: playdough (moldear)',
if([food_name] = '242', 'Material de referencia: arroz (llenar envase similar)',
if([food_detail_2_243_1] = '1', 'Material de referencia: arroz (llenar envase similar)',
if([food_detail_2_243_2] = '1', 'Material de referencia: arroz (llenar envase similar)',
if([food_detail_1_244] = '1', 'Material de referencia: arroz (llenar envase similar)',
if([food_detail_1_245] = '1', 'Material de referencia: arroz (llenar envase similar)',
if([food_detail_1_246] = '1', 'Material de referencia: arroz (llenar envase similar)',
if([food_detail_1_247] = '1', 'Material de referencia: arroz (llenar envase similar)',
if([food_detail_3_248_1_1] = '1', 'Material de referencia: playdough (moldear)',
if([food_detail_3_248_1_2] = '1', 'Material de referencia: playdough (moldear)',
if([food_detail_1_249] = '1', 'Material de referencia: arroz (llenar envase similar)',
if([food_detail_1_250] = '1', 'Material de referencia: playdough (moldear)',
if([food_detail_2_251_1] = '1', 'Material de referencia: playdough (moldear)',
if([food_detail_1_252] = '1', 'Material de referencia: playdough (moldear)',
if([food_detail_2_253_1] = '1', 'Material de referencia: arroz (llenar envase similar)',
if([food_detail_2_253_2] = '1', 'Material de referencia: playdough (moldear)',
if([food_detail_1_254] = '1', 'Material de referencia: playdough (moldear)',
if([food_detail_1_255] = '1', 'Material de referencia: arroz (llenar envase similar)',
if([food_detail_1_255] = '2', 'Utensilios de cocina',
if([food_detail_1_256] = '1', 'Material de referencia: arroz (llenar envase similar)',
if([food_detail_1_256] = '2', 'Material de referencia: arroz (llenar envase similar)',
if([food_detail_1_257] = '1', 'Material de referencia: arroz (llenar envase similar)',
if([food_detail_1_258] = '1', 'Material de referencia: arroz (llenar envase similar)',
if([food_detail_1_259] = '1', 'Material de referencia: arroz (llenar envase similar)',
if([food_detail_2_260_1] = '1', 'Material de referencia: playdough (moldear)',
if([food_detail_2_260_2] = '1', 'Material de referencia: playdough (moldear)',
if([food_detail_2_261_1] = '1', 'Material de referencia: playdough (moldear)',
if([food_detail_2_262_1] = '1', 'Medida estándar',
if([food_detail_2_262_2] = '1', 'Medida estándar',
if([food_detail_2_263_1] = '1', 'Material de referencia: arroz (llenar envase similar)',
if([food_name] = '263', 'Material de referencia: arroz (llenar envase similar)',
if([food_detail_2_263_2] = '1', 'Material de referencia: arroz (llenar envase similar)',
if([food_detail_1_264] = '1', 'Material de referencia: arroz (llenar envase similar)',
if([food_detail_2_265_1] = '1', 'Material de referencia: playdough (moldear)',
if([food_detail_1_266] = '1', 'Material de referencia: arroz (llenar envase similar)',
if([food_detail_1_267] = '1', 'Material de referencia: arroz (llenar envase similar)',
if([food_detail_2_268_1] = '1', 'Material de referencia: arroz (llenar envase similar)',
if([food_detail_2_269_1] = '1', 'Material de referencia: playdough (moldear)',
if([food_detail_1_270] = '1', 'Material de referencia: arroz (llenar envase similar)',
if([food_detail_1_271] = '1', 'Material de referencia: playdough (moldear)',
if([food_detail_1_272] = '1', 'Material de referencia: playdough (moldear)',
if([food_detail_1_273] = '1', 'Material de referencia: playdough (moldear)',
if([food_detail_1_274] = '1', 'Material de referencia: arroz (llenar envase similar)',
if([food_detail_1_275] = '1', 'Material de referencia: playdough (moldear)',
if([food_detail_1_276] = '1', 'Material de referencia: playdough (moldear)',
if([food_detail_2_277_1] = '1', 'Material de referencia: playdough (moldear)',
if([food_detail_3_278_1_1] = '1', 'Material de referencia: playdough (moldear)',
if([food_detail_2_278_1] = '2', 'Material de referencia: playdough (moldear)',
if([food_detail_1_279] = '1', 'Material de referencia: arroz (llenar envase similar)',
if([food_detail_2_280_1] = '1', 'Material de referencia: arroz (llenar envase similar)',
if([food_detail_1_280] = '2', 'Material de referencia: arroz (llenar envase similar)',
if([food_detail_1_281] = '1', 'Material de referencia: playdough (moldear)',
if([food_detail_2_282_1] = '1', 'Material de referencia: playdough (moldear)',
if([food_name] = '282', 'Material de referencia: playdough (moldear)',
if([food_detail_2_282_2] = '1', 'Material de referencia: playdough (moldear)',
if([food_detail_2_282_3] = '1', 'Material de referencia: playdough (moldear)',
if([food_detail_2_283_1] = '1', 'Material de referencia: playdough (moldear)',
if([food_detail_2_283_1] = '2', 'Material de referencia: playdough (moldear)',
if([food_detail_1_283] = '2', 'Material de referencia: arroz (llenar envase similar)',
if([food_detail_1_284] = '1', 'Material de referencia: playdough (moldear)',
if([food_detail_1_285] = '1', 'Material de referencia: playdough (moldear)',
if([food_detail_1_286] = '1', 'Material de referencia: playdough (moldear)',
if([food_detail_1_287] = '1', 'Material de referencia: playdough (moldear)',
if([food_detail_1_288] = '1', 'Material de referencia: playdough (moldear)',
if([food_detail_2_289_1] = '1', 'Material de referencia: playdough (moldear)',
if([food_detail_2_289_2] = '1', 'Material de referencia: playdough (moldear)',
if([food_detail_2_289_3] = '1', 'Material de referencia: playdough (moldear)',
if([food_detail_1_290] = '1', 'Material de referencia: playdough (moldear)',
if([food_detail_1_291] = '1', 'Material de referencia: playdough (moldear)',
if([food_detail_1_292] = '1', 'Material de referencia: playdough (moldear)',
if([food_detail_1_293] = '1', 'Material de referencia: playdough (moldear)',
if([food_detail_2_294_1] = '1', 'Material de referencia: playdough (moldear)',
if([food_detail_2_294_2] = '1', 'Material de referencia: playdough (moldear)',
if([food_detail_1_295] = '1', 'Material de referencia: playdough (moldear)',
if([food_detail_1_296] = '1', 'Material de referencia: playdough (moldear)',
if([food_detail_1_297] = '1', 'Material de referencia: playdough (moldear)',
if([food_detail_2_298_1] = '1', 'Material de referencia: playdough (moldear)',
if([food_detail_1_299] = '1', 'Material de referencia: playdough (moldear)',
if([food_detail_1_300] = '1', 'Material de referencia: arroz (llenar envase similar)',
if([food_detail_2_300_1] = '1', '',
if([food_detail_1_300] = '2', 'Material de referencia: arroz (llenar envase similar)',
if([food_detail_1_301] = '1', 'Material de referencia: playdough (moldear)',
if([food_detail_1_302] = '1', 'Material de referencia: arroz (llenar envase similar)',
if([food_detail_1_303] = '1', 'Material de referencia: playdough (moldear)',
if([food_detail_1_304] = '1', 'Material de referencia: playdough (moldear)',
if([food_detail_2_305_1] = '1', 'Material de referencia: playdough (moldear)',
if([food_detail_2_305_2] = '1', 'Material de referencia: playdough (moldear)',
if([food_detail_1_306] = '1', 'Material de referencia: playdough (moldear)',
if([food_detail_1_307] = '1', 'Material de referencia: playdough (moldear)',
if([food_detail_1_308] = '1', 'Material de referencia: arroz (llenar envase similar)',
if([food_detail_1_309] = '1', 'Material de referencia: arroz (llenar envase similar)',
if([food_detail_2_310_1] = '1', 'Material de referencia: playdough (moldear)',
if([food_detail_2_310_2] = '1', 'Material de referencia: playdough (moldear)',
if([food_detail_2_311_1] = '1', 'Material de referencia: playdough (moldear)',
if([food_detail_2_311_2] = '1', 'Material de referencia: playdough (moldear)',
if([food_detail_2_311_3] = '1', 'Material de referencia: playdough (moldear)',
if([food_detail_1_312] = '1', 'Material de referencia: arroz (llenar envase similar)',
if([food_detail_1_313] = '1', 'Material de referencia: arroz (llenar envase similar)',
if([food_detail_2_314_1] = '1', 'Material de referencia: playdough (moldear)',
if([food_detail_2_314_2] = '1', 'Material de referencia: playdough (moldear)',
if([food_detail_2_314_3] = '1', 'Material de referencia: playdough (moldear)',
if([food_detail_1_315] = '1', 'Material de referencia: playdough (moldear)',
if([food_detail_1_316] = '1', 'Material de referencia: playdough (moldear)',
if([food_detail_1_317] = '1', 'Material de referencia: playdough (moldear)',
if([food_detail_1_318] = '1', 'Material de referencia: playdough (moldear)',
if([food_detail_1_319] = '1', 'Material de referencia: playdough (moldear)',
if([food_detail_1_320] = '1', 'Material de referencia: playdough (moldear)',
if([food_detail_1_321] = '1', 'Material de referencia: playdough (moldear)',
if([food_detail_1_322] = '1', 'Material de referencia: playdough (moldear)',
if([food_detail_1_323] = '1', 'Material de referencia: playdough (moldear)',
if([food_detail_1_324] = '1', 'Material de referencia: playdough (moldear)',
if([food_detail_1_325] = '1', 'Material de referencia: playdough (moldear)',
if([food_detail_1_326] = '1', 'Material de referencia: playdough (moldear)',
if([food_name] = '327', 'Material de referencia: playdough (moldear)',
if([food_detail_1_328] = '1', 'Material de referencia: playdough (moldear)',
if([food_detail_1_329] = '1', 'Material de referencia: playdough (moldear)',
if([food_detail_1_330] = '1', 'Material de referencia: playdough (moldear)',
if([food_detail_1_331] = '1', 'Medida estándar',
if([food_detail_1_332] = '1', 'Material de referencia: playdough (moldear)',
if([food_detail_1_333] = '1', 'Material de referencia: playdough (moldear)',
if([food_detail_2_334_1] = '1', 'Material de referencia: playdough (moldear)',
if([food_detail_2_334_2] = '1', 'Material de referencia: playdough (moldear)',
if([food_detail_1_335] = '1', 'Material de referencia: playdough (moldear)',
if([food_detail_2_336_1] = '1', 'Material de referencia: playdough (moldear)',
if([food_detail_2_336_2] = '1', 'Material de referencia: playdough (moldear)',
if([food_detail_2_336_3] = '1', 'Material de referencia: playdough (moldear)',
if([food_detail_1_337] = '1', 'Material de referencia: playdough (moldear)',
if([food_detail_1_338] = '1', 'Material de referencia: playdough (moldear)',
if([food_detail_1_339] = '1', 'Material de referencia: playdough (moldear)',
if([food_detail_1_340] = '1', 'Material de referencia: playdough (moldear)',
if([food_detail_1_341] = '1', 'Material de referencia: playdough (moldear)',
if([food_detail_1_342] = '1', 'Material de referencia: playdough (moldear)',
if([food_detail_1_343] = '1', 'Material de referencia: arroz (llenar envase similar)',
if([food_detail_1_344] = '1', 'Material de referencia: playdough (moldear)',
if([food_detail_1_345] = '1', 'Material de referencia: playdough (moldear)',
if([food_detail_1_346] = '1', 'Material de referencia: playdough (moldear)',
if([food_detail_1_347] = '1', 'Material de referencia: playdough (moldear)',
if([food_detail_1_348] = '1', 'Material de referencia: playdough (moldear)',
if([food_detail_1_349] = '1', 'Medida estándar',
if([food_detail_1_349] = '2', 'Medida estándar',
if([food_detail_1_350] = '1', 'Medida estándar',
if([food_detail_1_351] = '1', 'Medida estándar',
if([food_detail_1_352] = '1', 'Material de referencia: arroz (llenar envase similar)',
if([food_detail_1_353] = '1', 'Material de referencia: playdough (moldear)',
if([food_detail_1_354] = '1', 'Material de referencia: playdough (moldear)',
if([food_name] = '355', 'Utensilios de cocina',
if([food_name] = '356', 'Utensilios de cocina',
if([food_name] = '357', 'Utensilios de cocina',
if([food_name] = '358', 'Utensilios de cocina',
if([food_name] = '359', 'Utensilios de cocina',
if([food_name] = '360', 'Utensilios de cocina',
if([food_name] = '361', 'Utensilios de cocina',
if([food_name] = '362', 'Utensilios de cocina',
if([food_name] = '363', 'Utensilios de cocina',
if([food_name] = '364', 'Utensilios de cocina',
if([food_name] = '365', 'Utensilios de cocina',
if([food_name] = '366', 'Utensilios de cocina',
if([food_detail_1_367] = '1', 'Utensilios de cocina',
if([food_name] = '368', 'Utensilios de cocina',
if([food_name] = '369', 'Utensilios de cocina',
if([food_name] = '370', 'Utensilios de cocina',
if([food_detail_1_371] = '1', 'Utensilios de cocina',
if([food_detail_1_371] = '2', 'Utensilios de cocina',
if([food_detail_2_371_3] = '1', 'Utensilios de cocina',
if([food_detail_1_372] = '1', 'Utensilios de cocina',
if([food_detail_1_372] = '2', 'Utensilios de cocina',
if([food_name] = '373', 'Utensilios de cocina',
if([food_name] = '374', 'Material de referencia: arroz (llenar envase similar)',
if([food_detail_1_375] = '1', 'Utensilios de cocina',
if([food_detail_1_376] = '1', 'Utensilios de cocina',
if([food_detail_1_377] = '1', 'Material de referencia: playdough (moldear)',
if([food_detail_1_377] = '2', 'Medida estándar',
if([food_detail_1_378] = '1', 'Material de referencia: arroz (llenar envase similar)',
if([food_detail_1_378] = '2', 'Material de referencia: arroz (llenar envase similar)',
if([food_detail_1_379] = '1', 'Medida estándar',
if([food_detail_2_379_2] = '1', 'Medida estándar',
if([food_detail_2_380_1] = '1', 'Material de referencia: arroz (llenar envase similar)',
if([food_detail_1_381] = '1', 'Material de referencia: playdough (moldear)',
if([food_detail_1_382] = '1', 'Utensilios de cocina',
if([food_detail_1_383] = '1', 'Utensilios de cocina',
if([food_name] = '384', 'Utensilios de cocina',
if([food_detail_1_385] = '1', 'Material de referencia: arroz (llenar envase similar)',
if([food_detail_1_385] = '2', 'Material de referencia: arroz (llenar envase similar)',
if([food_detail_2_386_1] = '1', 'Medida estándar',
if([food_detail_2_386_1] = '2', 'Medida estándar',
if([food_name] = '387', 'Material de referencia: arroz (llenar envase similar)',
if([food_detail_1_388] = '1', 'Medida estándar',
if([food_detail_1_389] = '1', 'Material de referencia: playdough (moldear)',
if([food_name] = '390', 'Material de referencia: playdough (moldear)',
if([food_name] = '391', 'Material de referencia: playdough (moldear)',
if([food_name] = '392', 'Utensilios de cocina',
if([food_name] = '393', 'Utensilios de cocina',
if([food_name] = '394', 'Utensilios de cocina',
if([food_detail_1_395] = '1', 'Material de referencia: playdough (moldear)',
if([food_detail_2_396_1] = '1', 'Utensilios de cocina',
if([food_detail_1_396] = '2', 'Utensilios de cocina',
if([food_detail_1_397] = '1', 'Utensilios de cocina',
if([food_detail_1_398] = '1', 'Utensilios de cocina',
if([food_name] = '399', 'Material de referencia: playdough (moldear)',
if([food_detail_1_400] = '1', 'Material de referencia: playdough (moldear)',
if([food_name] = '401', 'Material de referencia: playdough (moldear)',
if([food_name] = '402', 'Medida estándar',
if([food_detail_2_403_1] = '1', 'Medida estándar',
if([food_detail_2_403_1] = '2', 'Medida estándar',
if([food_detail_2_403_1] = '3', 'Medida estándar',
if([food_detail_2_403_1] = '4', 'Medida estándar',
if([food_detail_1_404] = '1', 'Medida estándar',
if([food_detail_1_405] = '1', 'Medida estándar',
if([food_name] = '406', 'Medida estándar',
if([food_detail_1_407] = '1', 'Medida estándar',
if([food_detail_2_408_1] = '1', 'Medida estándar',
if([food_detail_1_409] = '1', 'Medida estándar',
if([food_detail_1_410] = '1', 'Medida estándar',
if([food_detail_2_411_1] = '1', 'Medida estándar',
if([food_detail_2_411_2] = '1', 'Medida estándar',
if([food_detail_2_411_2] = '2', 'Medida estándar',
if([food_detail_2_411_2] = '3', 'Medida estándar',
if([food_detail_2_411_2] = '4', 'Medida estándar',
if([food_detail_2_411_3] = '1', 'Medida estándar',
if([food_detail_2_412_1] = '1', 'Medida estándar',
if([food_name] = '413', 'Medida estándar',
if([food_detail_1_413] = '1', 'Medida estándar',
if([food_detail_1_413] = '2', 'Medida estándar',
if([food_detail_1_414] = '1', 'Medida estándar',
if([food_detail_2_415_1] = '1', 'Medida estándar',
if([food_detail_2_415_2] = '1', 'Utensilios de cocina',
if([food_detail_2_415_2] = '2', 'Utensilios de cocina',
if([food_detail_2_415_3] = '1', 'Medida estándar',
if([food_detail_2_415_4] = '1', 'Medida estándar',
if([food_detail_2_415_4] = '2', 'Medida estándar',
if([food_detail_2_415_5] = '1', 'Utensilios de cocina',
if([food_detail_2_415_5] = '2', 'Utensilios de cocina',
if([food_detail_2_415_6] = '1', 'Medida estándar',
if([food_detail_2_415_6] = '2', 'Medida estándar',
if([food_detail_2_415_7] = '1', 'Medida estándar',
if([food_detail_2_415_8] = '1', 'Medida estándar',
if([food_detail_2_415_8] = '2', 'Medida estándar',
if([food_detail_2_415_8] = '3', 'Medida estándar',
if([food_detail_2_415_9] = '1', 'Medida estándar',
if([food_detail_2_415_10] = '1', 'Medida estándar',
if([food_detail_2_415_11] = '1', 'Medida estándar',
if([food_detail_2_416_1] = '1', 'Medida estándar',
if([food_detail_1_417] = '1', 'Medida estándar',
if([food_detail_1_418] = '1', 'Medida estándar',
if([food_detail_1_419] = '1', 'Medida estándar',
if([food_detail_1_420] = '1', 'Utensilios de cocina',
if([food_detail_1_421] = '1', 'Utensilios de cocina',
if([food_name] = '422', 'Utensilios de cocina',
if([food_name] = '423', 'Utensilios de cocina',
if([food_detail_1_424] = '1', 'Material de referencia: arroz (llenar envase similar)',
if([food_detail_1_425] = '1', 'Material de referencia: arroz (llenar envase similar)',
if([food_detail_2_426_1] = '1', 'Material de referencia: arroz (llenar envase similar)',
if([food_detail_2_427_1] = '1', 'Material de referencia: arroz (llenar envase similar)',
if([food_detail_3_428_1_1] = '1', 'Material de referencia: arroz (llenar envase similar)',
if([food_detail_2_429_1] = '1', 'Medida estándar',
if([food_detail_1_430] = '1', 'Material de referencia: arroz (llenar envase similar)',
if([food_detail_2_431_1] = '1', 'Material de referencia: arroz (llenar envase similar)',
if([food_detail_2_431_2] = '1', 'Medida estándar',
if([food_detail_2_431_2] = '2', 'Medida estándar',
if([food_detail_2_431_3] = '1', 'Medida estándar',
if([food_detail_2_431_4] = '1', 'Medida estándar',
if([food_detail_2_431_5] = '1', 'Medida estándar',
if([food_detail_2_431_6] = '1', 'Medida estándar',
if([food_detail_2_431_7] = '1', 'Medida estándar',
if([food_detail_2_431_8] = '1', 'Medida estándar',
if([food_detail_2_431_9] = '1', 'Medida estándar',
if([food_detail_2_431_10] = '1', 'Medida estándar',
if([food_detail_2_431_11] = '1', 'Medida estándar',
if([food_detail_2_431_12] = '1', 'Medida estándar',
if([food_detail_1_431] = '13', 'Medida estándar',
if([food_detail_1_432] = '1', 'Material de referencia: arroz (llenar envase similar)',
if([food_detail_1_433] = '1', 'Material de referencia: arroz (llenar envase similar)',
if([food_detail_1_434] = '1', 'Material de referencia: arroz (llenar envase similar)',
if([food_detail_1_435] = '1', 'Material de referencia: arroz (llenar envase similar)',
if([food_detail_1_436] = '1', 'Material de referencia: arroz (llenar envase similar)',
if([food_detail_1_437] = '1', 'Material de referencia: arroz (llenar envase similar)',
if([food_detail_1_438] = '1', 'Material de referencia: arroz (llenar envase similar)',
if([food_detail_1_439] = '1', 'Material de referencia: arroz (llenar envase similar)',
if([food_detail_1_440] = '1', 'Material de referencia: arroz (llenar envase similar)',
if([food_detail_2_441_1] = '1', 'Material de referencia: arroz (llenar envase similar)',
if([food_detail_2_441_2] = '1', 'Medida estándar',
if([food_detail_2_441_2] = '2', 'Medida estándar',
if([food_detail_2_442_1] = '1', 'Medida estándar',
if([food_detail_2_442_1] = '2', 'Medida estándar',
if([food_detail_2_442_1] = '3', 'Medida estándar',
if([food_detail_2_442_1] = '4', 'Medida estándar',
if([food_detail_2_442_1] = '5', 'Medida estándar',
if([food_detail_1_442] = '2', 'Medida estándar',
if([food_detail_2_442_3] = '1', 'Medida estándar',
if([food_detail_2_442_3] = '2', 'Medida estándar',
if([food_detail_2_442_3] = '3', 'Medida estándar',
if([food_detail_2_442_4] = '1', 'Medida estándar',
if([food_detail_2_442_4] = '2', 'Medida estándar',
if([food_detail_2_442_4] = '3', 'Medida estándar',
if([food_detail_2_442_5] = '1', 'Medida estándar',
if([food_detail_2_442_6] = '1', 'Medida estándar',
if([food_detail_3_442_7_1] = '1', 'Utensilios de cocina',
if([food_detail_2_442_8] = '1', 'Utensilios de cocina',
if([food_detail_2_442_9] = '1', 'Medida estándar',
if([food_detail_2_442_10] = '1', 'Material de referencia: arroz (llenar envase similar)',
if([food_detail_2_442_11] = '1', 'Medida estándar',
if([food_detail_2_442_11] = '2', 'Medida estándar',
if([food_detail_3_443_1_1] = '1', 'Utensilios de cocina',
if([food_detail_2_444_1] = '1', 'Medida estándar',
if([food_detail_2_444_1] = '2', 'Medida estándar',
if([food_detail_1_444] = '2', 'Medida estándar',
if([food_detail_1_445] = '1', 'Medida estándar',
if([food_detail_2_445_2] = '1', 'Medida estándar',
if([food_detail_2_446_1] = '1', 'Medida estándar',
if([food_detail_2_446_1] = '2', 'Medida estándar',
if([food_detail_1_447] = '1', 'Medida estándar',
if([food_detail_1_448] = '1', 'Medida estándar',
if([food_detail_1_449] = '1', 'Medida estándar',
if([food_detail_1_450] = '1', 'Utensilios de cocina',
if([food_detail_1_450] = '2', 'Utensilios de cocina',
if([food_detail_1_451] = '1', 'Utensilios de cocina',
if([food_detail_1_452] = '1', 'Utensilios de cocina',
if([food_detail_1_453] = '1', 'Utensilios de cocina',
if([food_detail_1_453] = '2', 'Utensilios de cocina',
if([food_detail_2_454_1] = '1', 'Utensilios de cocina',
if([food_detail_1_455] = '1', 'Medida estándar',
if([food_name] = '456', 'Utensilios de cocina',
if([food_name] = '457', 'Utensilios de cocina',
if([food_detail_2_458_1] = '1', 'Medida estándar',
if([food_detail_2_459_1] = '1', 'Medida estándar',
if([food_detail_2_459_2] = '1', 'Medida estándar',
if([food_detail_1_460] = '1', 'Medida estándar',
if([food_detail_1_460] = '2', 'Medida estándar',
if([food_detail_1_461] = '1', 'Utensilios de cocina',
if([food_detail_1_462] = '1', 'Utensilios de cocina',
if([food_detail_1_463] = '1', 'Utensilios de cocina',
if([food_detail_1_464] = '1', 'Utensilios de cocina',
if([food_detail_1_465] = '1', 'Utensilios de cocina',
if([food_detail_1_466] = '1', 'Utensilios de cocina',
if([food_detail_1_467] = '1', 'Utensilios de cocina',
if([food_detail_1_468] = '1', 'Medida estándar',
if([food_detail_1_469] = '1', 'Medida estándar',
if([food_detail_1_470] = '1', 'Medida estándar',
if([food_detail_2_470_2] = '1', 'Medida estándar',
if([food_detail_2_470_3] = '1', 'Medida estándar',
if([food_detail_2_470_3] = '2', 'Medida estándar',
if([food_detail_1_470] = '4', 'Medida estándar',
if([food_detail_2_470_5] = '1', 'Medida estándar',
if([food_detail_2_471_1] = '1', 'Medida estándar',
if([food_detail_2_471_1] = '2', 'Medida estándar',
if([food_detail_1_472] = '1', 'Medida estándar',
if([food_detail_2_473_1] = '1', 'Medida estándar',
if([food_detail_2_473_1] = '2', 'Medida estándar',
if([food_detail_2_473_1] = '3', 'Medida estándar',
if([food_detail_2_473_2] = '1', 'Medida estándar',
if([food_detail_2_473_2] = '2', 'Medida estándar',
if([food_detail_1_473] = '3', 'Medida estándar',
if([food_detail_2_473_4] = '1', 'Medida estándar',
if([food_detail_2_473_4] = '2', 'Medida estándar',
if([food_detail_2_473_4] = '3', 'Medida estándar',
if([food_detail_2_473_5] = '1', 'Medida estándar',
if([food_detail_2_473_5] = '2', 'Medida estándar',
if([food_detail_2_473_5] = '3', 'Medida estándar',
if([food_detail_1_474] = '1', 'Medida estándar',
if([food_detail_1_474] = '2', 'Medida estándar',
if([food_detail_1_474] = '3', 'Medida estándar',
if([food_detail_1_475] = '1', 'Medida estándar',
if([food_detail_1_476] = '1', 'Medida estándar',
if([food_detail_1_477] = '1', 'Medida estándar',
if([food_name] = '478', 'Medida estándar',
if([food_detail_2_479_1] = '1', 'Medida estándar',
if([food_detail_1_480] = '1', 'Medida estándar',''))))))))))))))))))))))))))))))))))))))))))))))))))))))))))))))))))))))))))))))))))))))))))))))))))))))))))))))))))))))))))))))))))))))))))))))))))))))))))))))))))))))))))))))))))))))))))))))))))))))))))))))))))))))))))))))))))))))))))))))))))))))))))))))))))))))))))))))))))))))))))))))))))))))))))))))))))))))))))))))))))))))))))))))))))))))))))))))))))))))))))))))))))))))))))))))))))))))))))))))))))))))))))))))))))))))))))))))))))))))))))))))))))))))))))))))))))))))))))))))))))))))))))))))))))))))))))))))))))))))))))))))))))))))))))))))))))))))))))))))))))))))))))))))))))))))))))))))))))))))))))))))))))))))))))))))))))))))))))))))))))))))))))))))))))))))))))))))))))))))))))))))))))))))))))))))))))))))))))))))))))))))))))))))))))))))))))))))))))))))))))))))))))))))))))))))))))))))))))))))))))))))))))))))))))))))))))))))))))))))))))))))))))))))))))))))))))))))))))))))))))))))))))))))))))))))))))))))))))))))))))))))))))))))))))"
food_name,alimentos,,dropdown,"Seleccione el alimento","1, Almidón de maíz | 2, Almojabána | 3, Arepa de maíz precocido | 4, Arepa de maíz | 5, Arepa | 6, Arroz blanco | 7, Arroz integral | 8, Avena en Hojuelas | 9, Brownie | 10, Cebada | 11, Cereal para el desayuno | 12, Cereal | 13, Croissant | 14, Cuchuco de cebada | 15, Cuchuco de trigo | 16, Envuelto de mazorca | 17, Galletas dulces | 18, Galletas Ducles | 19, Galletas ducles | 20, Galletas saladas | 21, Galletas | 22, Harina de arroz | 23, Harina de avena | 24, Harina de cebada | 25, Harina de centeno | 26, Harina de maíz amarillo | 27, Harina de maíz blanco | 28, Harina de maíz | 29, Harina de quinua | 30, Harina de trigo fortificada | 31, Harina de trigo integral | 32, Hojaldre | 33, Maíz amarillo | 34, Maíz blanco | 35, Maíz maravilla | 36, Maíz mute | 37, Maíz opaco 2 | 38, Maíz opaco | 39, Maíz pira o reventon | 40, Maíz porva | 41, Maíz tierno | 42, Maíz | 43, Mantecada | 44, Mezcla lista para preparar pancakes | 45, Mijo | 46, Mogolla | 47, Mojicón | 48, Muffins dulces | 49, Pan blanco | 50, Pan de centeno | 51, Pan de dulce | 52, Pan de leche | 53, Pan de queso | 54, Pan de sal regular | 55, Pan de yuca | 56, Pan francés | 57, Pan integral | 58, pandebono | 59, Pasta alimenticia | 60, Pasta alimenticia con huevo | 61, Ponqué blanco | 62, Ponqué negro | 63, Ponqué | 64, Quinua | 65, Roscas de harina de maíz y cuajada | 66, Roscas de harina de maíz | 67, Roscas de harina de trigo | 68, Roscón | 69, Semolina | 70, Tostadas o calados | 71, Trigo blando | 72, Trigo duro | 73, Barra de cereal | 74, Ponqué de vainilla con cobertura de chocolate | 75, Torta de brazo de reina | 76, Tortilla de harina de trigo | 77, Tortilla de maíz | 78, Tostadas | 79, Pan árabe blanco | 80, Almidón de achira | 81, Almidón de yuca | 82, Arracacha | 83, Batata | 84, Croquetas de yuca precocidas | 85, Harina de papa común | 86, Harina de papa criolla | 87, Harina de plátano | 88, Harina de yuca | 89, Harina de arracacha | 90, Papa | 91, Papa variedad harinosa | 92, Plátano áfrica | 93, Plátano colí o guíneo | 94, Plátano dominico | 95, Plátano espermo | 96, Plátano hartón | 97, plátano hartón | 98, Plátano | 99, Plátano popocho | 100, Yuca blanca | 101, Achiras | 102, Ajonjolí o sésamo | 103, Arveja verde | 104, Arveja seca | 105, Balú o chachafruto verde | 106, Frijol blanco | 107, Frijol bola roja | 108, Frijol cabecita negra | 109, Frijol canavalia | 110, Frijol caraota o negro | 111, Frijol cargamanto rojo | 112, Frijol cargamanto rosado | 113, Frijol guandul | 114, Frijol mungo | 115, Frijol nima | 116, Frijol radical | 117, Frijol sangretoro | 118, Frijol verde | 119, Garbanzo | 120, Guisantes dulces | 121, Haba seca | 122, Haba verde | 123, Harina de algarrobo | 124, Harina de frijol mungo | 125, Harina de garbanzo | 126, Harina de soya | 127, Lenteja común | 128, Lenteja real | 129, Soya | 130, Tofu | 131, Habichuela | 132, Almendra | 133, Macadamia | 134, Marañón | 135, Nuez de Brasil | 136, Pistacho | 137, Café soluble | 138, Café | 139, Mantequilla de maní | 140, Cacao | 141, Chocolate | 142, Maní | 143, Linaza | 144, Crema de leche | 145, Kumis | 146, Lactosuero | 147, Leche de cabra | 148, Leche de vaca | 149, Leche condensada | 150, Leche chocolatada | 151, Queso crema | 152, Queso fresco | 153, Queso madurado | 154, Quesadillo | 155, Yogurt griego | 156, Yogurt | 157, Alimento lácteo Fermentado | 158, Alpinito | 159, Huevo de codorniz | 160, Huevo de gallina | 161, Huevo de iguana | 162, Huevo de pata | 163, Huevo de pava | 164, Huevo de tortuga | 165, Almeja | 166, Arenque | 167, Atún | 168, Bagre | 169, Bocachico | 170, Bonito | 171, Cachama | 172, Calamar | 173, Camarón | 174, Cangrejo | 175, Caracol de mar | 176, Carite | 177, Corvina | 178, Jaiba o cangrejo azul | 179, Langosta | 180, Langostino | 181, Lenguado | 182, Lisa | 183, Lisa sin cabeza | 184, Macabí o machete | 185, Machuelo o nomcholo | 186, Merluza | 187, Mero | 188, Ostra | 189, Pescado seco | 190, Pulpo | 191, Raya | 192, Róbalo o gualajo | 193, Salmón | 194, Sardinas | 195, Sierra | 196, Tiburón | 197, Tilapia o mojarra | 198, Trucha | 199, Armadillo | 200, Babilla | 201, Cabra o chivo | 202, Caracol terrestre | 203, Conejo | 204, Iguana | 205, Carne | 206, Tortuga | 207, Butifarra | 208, Cerdo | 209, Chiguiro | 210, Chorizo de cerdo y res | 211, Chorizo de pollo | 212, Codorniz o perdiz | 213, Hígado de conejo | 214, Riñón de conejo | 215, Cordero | 216, Corazón de cordero | 217, Hígado de cordero | 218, Riñón de cordero | 219, Gallina | 220, Hamburguesa de carne de res | 221, Jamón de cerdo y res | 222, Jamón de cerdo | 223, Jamón tipo york | 224, Mortadela de cerdo y res | 225, Mortadela de pollo | 226, Pavo | 227, Pollo | 228, Res | 229, Salchicha de cerdo y res | 230, Salchicha de cerdo | 231, Salchicha de pollo | 232, Salchicha de ternera | 233, Salchichón de cerdo y pollo | 234, Ternera | 235, Morcilla | 236, Salchichas de pavo | 237, Jamón de pavo | 238, Salami de cerdo | 239, Aceituna | 240, Acelga | 241, Ahuyama | 242, Crema de ahuyama | 243, Ají | 244, Ajo | 245, Alcachofa | 246, Alcaparras | 247, Apio | 248, Berenjena | 249, Berro | 250, Brócoli | 251, Calabaza | 252, Cebolla cabezona | 253, Cebolla junca | 254, Cebolla puerro | 255, Cebolla | 256, Champiñón | 257, Cilantro | 258, Col o repollitas de bruselas | 259, Col silvestre | 260, Coliflor | 261, Colinabo | 262, Espárrago | 263, Espinaca | 264, Guascas | 265, Guatila | 266, Harina de Ahuyama | 267, Lechuga común | 268, Lechuga | 269, Nabo | 270, Ocra | 271, Palmito | 272, Pepino Cohombro | 273, Pepino de rellenar | 274, Perejil | 275, Pimentón rojo | 276, Pimentón verde | 277, Rábano | 278, Remolacha | 279, Repollo blanco | 280, Repollo morado | 281, Salsifí | 282, Tomate | 283, Zanahoria | 284, Zapallo | 285, Aloe vera | 286, Aguacate Hass | 287, Aguacate Lorena | 288, Anón | 289, Babaco | 290, Badea | 291, Banano bocadillo | 292, Banano común | 293, Banano manzano | 294, Breva | 295, Cereza | 296, Chirimoya | 297, Chontaduro | 298, Ciruela | 299, Citrón | 300, Coco | 301, Curuba | 302, Dátil | 303, Durazno | 304, Feijoa | 305, Fresa | 306, Granada | 307, Granadilla | 308, Guama | 309, Guanábana | 310, Guayaba | 311, Gulupa | 312, Harina de banano | 313, Harina de chontaduro | 314, Higo | 315, Icaco | 316, Kiwi | 317, Lima | 318, Limón | 319, Lulo | 320, Madroño | 321, Mamey | 322, Mamoncillo | 323, Mandarina | 324, Mango común | 325, Mango Tommy Atkins | 326, Mangostino | 327, Manzana común cruda | 328, Manzana de agua | 329, Maracuyá | 330, Melón | 331, Mora de castilla | 332, Naranja | 333, Noni | 334, Papaya | 335, Papayuela | 336, Pepino dulce | 337, Pera | 338, Piña | 339, Piñuela | 340, Pitahaya amarilla | 341, Pitahaya roja | 342, Pomarrosa | 343, Ruibarbo | 344, Sandía | 345, Tamarindo | 346, Tomate de árbol amarillo | 347, Tomate de árbol rojo | 348, Toronja | 349, Uchuva | 350, Uva blanca | 351, Uva Isabella | 352, Uva | 353, Zapote blanco | 354, Zapote común | 355, Aceite de ajonjolí o sésamo | 356, Aceite de algodón | 357, Aceite de canola o colza | 358, Aceite de girasol | 359, Aceite de linaza o lino | 360, Aceite de maíz | 361, Aceite de maní | 362, Aceite de oliva | 363, Aceite de palma | 364, Aceite de palma africana | 365, Aceite de sacha inchi | 366, Aceite de soya | 367, Aceite | 368, Manteca o grasa de cerdo | 369, Mantequilla | 370, Margarina de canola | 371, Margarina | 372, Mayonesa | 373, Arequipe o dulce de leche | 374, Arroz con leche | 375, Azúcar blanco | 376, Azúcar morena | 377, Bocadillo o dulce de guayaba | 378, Caramelos o confites | 379, Chocolatina | 380, Chucula o chocolate | 381, Cocadas | 382, Dulce de coco | 383, Dulce de jengibre | 384, Dulce de lulo | 385, Gelatina con azúcar | 386, Gelatina Boggy | 387, Gelatina de pata | 388, Goma de mascar | 389, Helados de agua | 390, Helado de crema | 391, Helado de leche | 392, Manjar blanco | 393, Manjar del valle | 394, Melaza o miel negra | 395, Melocotón | 396, Mermelada | 397, Miel de abejas | 398, Miel de caña de azúcar | 399, Panela | 400, Panelita de leche de vaca | 401, Chocolate amargo o negro | 402, Chokis | 403, Colombina | 404, Turrón | 405, Nerds | 406, Panelitas dulces con leche | 407, Arequipe | 408, Bocadillo | 409, Merengue | 410, Dulce masticable | 411, Gomitas | 412, Crema de chocolate | 413, Masmelos | 414, BonIce | 415, Helado | 416, Paleta | 417, Crema de avellanas | 418, Paleta Jet | 419, Almendras | 420, Jengibre | 421, Achiote | 422, Sal | 423, Vinagre | 424, Agua de cebada perlada | 425, Agua de coco | 426, Bebida de avena en hojuelas | 427, Bebida de harina de avena | 428, Bebida vegetal | 429, Cerveza | 430, Chicha de maíz | 431, Gaseosa o bebida carbonatada | 432, Guarapo de caña de azúcar | 433, Néctar de albaricoque | 434, Néctar de durazno | 435, Néctar de guayaba | 436, Néctar de mango | 437, Néctar de manzana | 438, Néctar de pera | 439, Sabajón de tomate de árbol amarillo | 440, Sabajón de tomate de árbol rojo | 441, Té | 442, Jugo | 443, Bebida achocolatada | 444, Bebida hidratante | 445, Bebida energizante | 446, Avena envasada | 447, Bebida ernergizante | 448, Refajo | 449, Té helado Fuze tea | 450, Mezcla instantánea para preparar bebida achocolatada Chocolisto | 451, Mezcla  instantánea para preparar bebida achocolatada Chocolisto | 452, Moringa | 453, Polen | 454, Levadura biológica para pan | 455, Caldo de carne de res | 456, Salsa de mostaza | 457, Salsa de tomate | 458, Herpo | 459, Barquillos | 460, Bon Yurt | 461, Salsa negra | 462, Vinagreta | 463, Salsa BBQ | 464, Salsa rosada | 465, Mostaneza | 466, Salsa de ajo | 467, Pasta de tomate | 468, Base salsa bechamel | 469, Palitroques | 470, Frituras de maíz | 471, Frituras de plátano | 472, Frituras de chicharrón | 473, Papas de paquete | 474, Cheetos | 475, Yupis | 476, Yupis palomitas | 477, Tozinetas Fred | 478, Trocipollos | 479, Papas fritas | 480, Papas fritas Margarita",,,,,,,y,,,,,
food_detail_1_1,alimentos,,dropdown,"Seleccione la especificación 1 de Almidón de maíz","1, crudo",,,,,,"[food_name] = '1'",,,,,,
food_detail_1_2,alimentos,,dropdown,"Seleccione la especificación 1 de Almojabána","1, bogotana | 2, Vallecaucana",,,,,,"[food_name] = '2'",,,,,,
food_detail_2_2_1,alimentos,,dropdown,"Seleccione la especificación 2 de Almojabána","1, horneada",,,,,,"[food_name] = '2' and [food_detail_1_2] = '1'",,,,,,
food_detail_2_2_2,alimentos,,dropdown,"Seleccione la especificación 2 de Almojabána","1, horneada",,,,,,"[food_name] = '2' and [food_detail_1_2] = '2'",,,,,,
food_detail_1_3,alimentos,,dropdown,"Seleccione la especificación 1 de Arepa de maíz precocido","1, con sal | 2, sin sal",,,,,,"[food_name] = '3'",,,,,,
food_detail_1_4,alimentos,,dropdown,"Seleccione la especificación 1 de Arepa de maíz","1, con queso",,,,,,"[food_name] = '4'",,,,,,
food_detail_2_4_1,alimentos,,dropdown,"Seleccione la especificación 2 de Arepa de maíz","1, asada",,,,,,"[food_name] = '4' and [food_detail_1_4] = '1'",,,,,,
food_detail_1_5,alimentos,,dropdown,"Seleccione la especificación 1 de Arepa","1, asada | 2, frita",,,,,,"[food_name] = '5'",,,,,,
food_detail_1_6,alimentos,,dropdown,"Seleccione la especificación 1 de Arroz blanco","1, pulido",,,,,,"[food_name] = '6'",,,,,,
food_detail_2_6_1,alimentos,,dropdown,"Seleccione la especificación 2 de Arroz blanco","1, cocido | 2, crudo",,,,,,"[food_name] = '6' and [food_detail_1_6] = '1'",,,,,,
food_detail_3_6_1_1,alimentos,,dropdown,"Seleccione la especificación 3 de Arroz blanco","1, sin sal",,,,,,"[food_name] = '6' and [food_detail_1_6] = '1' and [food_detail_2_6_1] = '1'",,,,,,
food_detail_1_7,alimentos,,dropdown,"Seleccione la especificación 1 de Arroz integral","1, cocido",,,,,,"[food_name] = '7'",,,,,,
food_detail_2_7_1,alimentos,,dropdown,"Seleccione la especificación 2 de Arroz integral","1, sin sal",,,,,,"[food_name] = '7' and [food_detail_1_7] = '1'",,,,,,
food_detail_1_8,alimentos,,dropdown,"Seleccione la especificación 1 de Avena en Hojuelas","1, Precocida",,,,,,"[food_name] = '8'",,,,,,
food_detail_1_9,alimentos,,dropdown,"Seleccione la especificación 1 de Brownie","1, de chocolate | 2, Mama-ía",,,,,,"[food_name] = '9'",,,,,,
food_detail_2_9_1,alimentos,,dropdown,"Seleccione la especificación 2 de Brownie","1, horneado",,,,,,"[food_name] = '9' and [food_detail_1_9] = '1'",,,,,,
food_detail_2_9_2,alimentos,,dropdown,"Seleccione la especificación 2 de Brownie","1, arequipe | 2, chocolate",,,,,,"[food_name] = '9' and [food_detail_1_9] = '2'",,,,,,
food_detail_1_10,alimentos,,dropdown,"Seleccione la especificación 1 de Cebada","1, perlada",,,,,,"[food_name] = '10'",,,,,,
food_detail_2_10_1,alimentos,,dropdown,"Seleccione la especificación 2 de Cebada","1, cruda",,,,,,"[food_name] = '10' and [food_detail_1_10] = '1'",,,,,,
food_detail_1_11,alimentos,,dropdown,"Seleccione la especificación 1 de Cereal para el desayuno","1, Hojuelas de maíz",,,,,,"[food_name] = '11'",,,,,,
food_detail_2_11_1,alimentos,,dropdown,"Seleccione la especificación 2 de Cereal para el desayuno","1, sin azúcar",,,,,,"[food_name] = '11' and [food_detail_1_11] = '1'",,,,,,
food_detail_1_12,alimentos,,dropdown,"Seleccione la especificación 1 de Cereal","1, Kellogg´s | 2, Toning | 3, Tosh | 4, Nestle",,,,,,"[food_name] = '12'",,,,,,
food_detail_2_12_1,alimentos,,dropdown,"Seleccione la especificación 2 de Cereal","1, Choco Krispis | 2, Zucaritas | 3, Cor´n Flakes | 4, Special K Finesse | 5, Froot Loops | 6, All Bran",,,,,,"[food_name] = '12' and [food_detail_1_12] = '1'",,,,,,
food_detail_2_12_2,alimentos,,dropdown,"Seleccione la especificación 2 de Cereal","1, Granola",,,,,,"[food_name] = '12' and [food_detail_1_12] = '2'",,,,,,
food_detail_2_12_3,alimentos,,dropdown,"Seleccione la especificación 2 de Cereal","1, Granola almendras",,,,,,"[food_name] = '12' and [food_detail_1_12] = '3'",,,,,,
food_detail_2_12_4,alimentos,,dropdown,"Seleccione la especificación 2 de Cereal","1, con sabor a chocolate",,,,,,"[food_name] = '12' and [food_detail_1_12] = '4'",,,,,,
food_detail_3_12_4_1,alimentos,,dropdown,"Seleccione la especificación 3 de Cereal","1, chocapic",,,,,,"[food_name] = '12' and [food_detail_1_12] = '4' and [food_detail_2_12_4] = '1'",,,,,,
food_detail_1_13,alimentos,,dropdown,"Seleccione la especificación 1 de Croissant","1, de queso",,,,,,"[food_name] = '13'",,,,,,
food_detail_2_13_1,alimentos,,dropdown,"Seleccione la especificación 2 de Croissant","1, horneado",,,,,,"[food_name] = '13' and [food_detail_1_13] = '1'",,,,,,
food_detail_1_14,alimentos,,dropdown,"Seleccione la especificación 1 de Cuchuco de cebada","1, crudo",,,,,,"[food_name] = '14'",,,,,,
food_detail_1_15,alimentos,,dropdown,"Seleccione la especificación 1 de Cuchuco de trigo","1, crudo",,,,,,"[food_name] = '15'",,,,,,
food_detail_1_16,alimentos,,dropdown,"Seleccione la especificación 1 de Envuelto de mazorca","1, precocido",,,,,,"[food_name] = '16'",,,,,,
food_detail_1_17,alimentos,,dropdown,"Seleccione la especificación 1 de Galletas dulces","1, con relleno | 2, cucas | 3, de avena | 4, sin relleno",,,,,,"[food_name] = '17'",,,,,,
food_detail_2_17_3,alimentos,,dropdown,"Seleccione la especificación 2 de Galletas dulces","1, con uvas pasas",,,,,,"[food_name] = '17' and [food_detail_1_17] = '3'",,,,,,
food_detail_1_18,alimentos,,dropdown,"Seleccione la especificación 1 de Galletas Ducles","1, tipo Polvorosas",,,,,,"[food_name] = '18'",,,,,,
food_detail_1_19,alimentos,,dropdown,"Seleccione la especificación 1 de Galletas ducles","1, tipo wafer",,,,,,"[food_name] = '19'",,,,,,
food_detail_1_20,alimentos,,dropdown,"Seleccione la especificación 1 de Galletas saladas","1, tipo cracker | 2, tipo soda",,,,,,"[food_name] = '20'",,,,,,
food_detail_1_21,alimentos,,dropdown,"Seleccione la especificación 1 de Galletas","1, Tosh | 2, Tosh Cremadas | 3, Club Social | 4, Quaker 100% integrales | 5, Quaker Flotadas | 6, Ducales | 7, Saltín Noel | 8, Cafecitas Café Quindio | 9, Ramo | 10, Muuu | 11, Oreo | 12, Festival MiniChips | 13, Festival | 14, Ritz | 15, Saltinas Nestlé | 16, Deditos Nestlé | 17, Wafers Noel | 18, Wafers Italo | 19, Bridge | 20, Cocosette | 21, Dux",,,,,,"[food_name] = '21'",,,,,,
food_detail_2_21_1,alimentos,,dropdown,"Seleccione la especificación 2 de Galletas","1, chocolate y cocoa | 2, miel | 3, ajonjolí",,,,,,"[food_name] = '21' and [food_detail_1_21] = '1'",,,,,,
food_detail_2_21_2,alimentos,,dropdown,"Seleccione la especificación 2 de Galletas","1, chocolate | 2, vainilla | 3, yogurt y trozos de fresa natural | 4, naranja",,,,,,"[food_name] = '21' and [food_detail_1_21] = '2'",,,,,,
food_detail_2_21_3,alimentos,,dropdown,"Seleccione la especificación 2 de Galletas","1, original | 2, intregal",,,,,,"[food_name] = '21' and [food_detail_1_21] = '3'",,,,,,
food_detail_2_21_4,alimentos,,dropdown,"Seleccione la especificación 2 de Galletas","1, pasas y chía",,,,,,"[food_name] = '21' and [food_detail_1_21] = '4'",,,,,,
food_detail_2_21_5,alimentos,,dropdown,"Seleccione la especificación 2 de Galletas","1, frutos rojos",,,,,,"[food_name] = '21' and [food_detail_1_21] = '5'",,,,,,
food_detail_2_21_6,alimentos,,dropdown,"Seleccione la especificación 2 de Galletas","1, Provocación | 2, Tentación | 3, Tradicional",,,,,,"[food_name] = '21' and [food_detail_1_21] = '6'",,,,,,
food_detail_2_21_7,alimentos,,dropdown,"Seleccione la especificación 2 de Galletas","1, tradicional | 2, queso y mantequilla | 3, integral",,,,,,"[food_name] = '21' and [food_detail_1_21] = '7'",,,,,,
food_detail_2_21_8,alimentos,,dropdown,"Seleccione la especificación 2 de Galletas","1, originales",,,,,,"[food_name] = '21' and [food_detail_1_21] = '8'",,,,,,
food_detail_2_21_9,alimentos,,dropdown,"Seleccione la especificación 2 de Galletas","1, lecheritas | 2, Limoncitas",,,,,,"[food_name] = '21' and [food_detail_1_21] = '9'",,,,,,
food_detail_2_21_10,alimentos,,dropdown,"Seleccione la especificación 2 de Galletas","1, leche",,,,,,"[food_name] = '21' and [food_detail_1_21] = '10'",,,,,,
food_detail_2_21_11,alimentos,,dropdown,"Seleccione la especificación 2 de Galletas","1, originales",,,,,,"[food_name] = '21' and [food_detail_1_21] = '11'",,,,,,
food_detail_2_21_12,alimentos,,dropdown,"Seleccione la especificación 2 de Galletas","1, chispas de chocolate",,,,,,"[food_name] = '21' and [food_detail_1_21] = '12'",,,,,,
food_detail_2_21_13,alimentos,,dropdown,"Seleccione la especificación 2 de Galletas","1, chocolate | 2, vainilla | 3, limón | 4, fresa",,,,,,"[food_name] = '21' and [food_detail_1_21] = '13'",,,,,,
food_detail_2_21_14,alimentos,,dropdown,"Seleccione la especificación 2 de Galletas","1, queso | 2, originales",,,,,,"[food_name] = '21' and [food_detail_1_21] = '14'",,,,,,
food_detail_2_21_15,alimentos,,dropdown,"Seleccione la especificación 2 de Galletas","1, mantequilla",,,,,,"[food_name] = '21' and [food_detail_1_21] = '15'",,,,,,
food_detail_2_21_16,alimentos,,dropdown,"Seleccione la especificación 2 de Galletas","1, chocolate",,,,,,"[food_name] = '21' and [food_detail_1_21] = '16'",,,,,,
food_detail_2_21_17,alimentos,,dropdown,"Seleccione la especificación 2 de Galletas","1, vainilla",,,,,,"[food_name] = '21' and [food_detail_1_21] = '17'",,,,,,
food_detail_2_21_18,alimentos,,dropdown,"Seleccione la especificación 2 de Galletas","1, vainilla | 2, mora",,,,,,"[food_name] = '21' and [food_detail_1_21] = '18'",,,,,,
food_detail_2_21_19,alimentos,,dropdown,"Seleccione la especificación 2 de Galletas","1, chocolate | 2, naranja | 3, vainilla | 4, arequipe | 5, fresa",,,,,,"[food_name] = '21' and [food_detail_1_21] = '19'",,,,,,
food_detail_2_21_20,alimentos,,dropdown,"Seleccione la especificación 2 de Galletas","1, original",,,,,,"[food_name] = '21' and [food_detail_1_21] = '20'",,,,,,
food_detail_2_21_21,alimentos,,dropdown,"Seleccione la especificación 2 de Galletas","1, integral",,,,,,"[food_name] = '21' and [food_detail_1_21] = '21'",,,,,,
food_detail_1_22,alimentos,,dropdown,"Seleccione la especificación 1 de Harina de arroz","1, cruda",,,,,,"[food_name] = '22'",,,,,,
food_detail_1_23,alimentos,,dropdown,"Seleccione la especificación 1 de Harina de avena","1, cruda",,,,,,"[food_name] = '23'",,,,,,
food_detail_1_24,alimentos,,dropdown,"Seleccione la especificación 1 de Harina de cebada","1, cruda",,,,,,"[food_name] = '24'",,,,,,
food_detail_1_25,alimentos,,dropdown,"Seleccione la especificación 1 de Harina de centeno","1, para panificación cruda | 2, para reposteria",,,,,,"[food_name] = '25'",,,,,,
food_detail_2_25_2,alimentos,,dropdown,"Seleccione la especificación 2 de Harina de centeno","1, cruda",,,,,,"[food_name] = '25' and [food_detail_1_25] = '2'",,,,,,
food_detail_1_26,alimentos,,dropdown,"Seleccione la especificación 1 de Harina de maíz amarillo","1, precocida",,,,,,"[food_name] = '26'",,,,,,
food_detail_1_27,alimentos,,dropdown,"Seleccione la especificación 1 de Harina de maíz blanco","1, precocida",,,,,,"[food_name] = '27'",,,,,,
food_detail_1_28,alimentos,,dropdown,"Seleccione la especificación 1 de Harina de maíz","1, extra cruda | 2, extra tostada",,,,,,"[food_name] = '28'",,,,,,
food_detail_1_29,alimentos,,dropdown,"Seleccione la especificación 1 de Harina de quinua","1, cruda",,,,,,"[food_name] = '29'",,,,,,
food_detail_1_30,alimentos,,dropdown,"Seleccione la especificación 1 de Harina de trigo fortificada","1, para panificación | 2, para repostería | 3, todo propósito",,,,,,"[food_name] = '30'",,,,,,
food_detail_2_30_1,alimentos,,dropdown,"Seleccione la especificación 2 de Harina de trigo fortificada","1, cruda",,,,,,"[food_name] = '30' and [food_detail_1_30] = '1'",,,,,,
food_detail_2_30_2,alimentos,,dropdown,"Seleccione la especificación 2 de Harina de trigo fortificada","1, cruda",,,,,,"[food_name] = '30' and [food_detail_1_30] = '2'",,,,,,
food_detail_2_30_3,alimentos,,dropdown,"Seleccione la especificación 2 de Harina de trigo fortificada","1, cruda",,,,,,"[food_name] = '30' and [food_detail_1_30] = '3'",,,,,,
food_detail_1_31,alimentos,,dropdown,"Seleccione la especificación 1 de Harina de trigo integral","1, cruda",,,,,,"[food_name] = '31'",,,,,,
food_detail_1_32,alimentos,,dropdown,"Seleccione la especificación 1 de Hojaldre","1, regular",,,,,,"[food_name] = '32'",,,,,,
food_detail_2_32_1,alimentos,,dropdown,"Seleccione la especificación 2 de Hojaldre","1, horneado",,,,,,"[food_name] = '32' and [food_detail_1_32] = '1'",,,,,,
food_detail_1_33,alimentos,,dropdown,"Seleccione la especificación 1 de Maíz amarillo","1, crudo | 2, trillado",,,,,,"[food_name] = '33'",,,,,,
food_detail_1_34,alimentos,,dropdown,"Seleccione la especificación 1 de Maíz blanco","1, crudo | 2, trillado",,,,,,"[food_name] = '34'",,,,,,
food_detail_1_35,alimentos,,dropdown,"Seleccione la especificación 1 de Maíz maravilla","1, crudo",,,,,,"[food_name] = '35'",,,,,,
food_detail_1_36,alimentos,,dropdown,"Seleccione la especificación 1 de Maíz mute","1, cocido",,,,,,"[food_name] = '36'",,,,,,
food_detail_2_36_1,alimentos,,dropdown,"Seleccione la especificación 2 de Maíz mute","1, sin sal",,,,,,"[food_name] = '36' and [food_detail_1_36] = '1'",,,,,,
food_detail_1_37,alimentos,,dropdown,"Seleccione la especificación 1 de Maíz opaco 2","1, crudo",,,,,,"[food_name] = '37'",,,,,,
food_detail_1_38,alimentos,,dropdown,"Seleccione la especificación 1 de Maíz opaco","1, crudo",,,,,,"[food_name] = '38'",,,,,,
food_detail_1_39,alimentos,,dropdown,"Seleccione la especificación 1 de Maíz pira o reventon","1, crudo",,,,,,"[food_name] = '39'",,,,,,
food_detail_1_40,alimentos,,dropdown,"Seleccione la especificación 1 de Maíz porva","1, crudo",,,,,,"[food_name] = '40'",,,,,,
food_detail_1_41,alimentos,,dropdown,"Seleccione la especificación 1 de Maíz tierno","1, crudo",,,,,,"[food_name] = '41'",,,,,,
food_detail_1_42,alimentos,,dropdown,"Seleccione la especificación 1 de Maíz","1, Maíz Tostado",,,,,,"[food_name] = '42'",,,,,,
food_detail_2_42_1,alimentos,,dropdown,"Seleccione la especificación 2 de Maíz","1, La Especial",,,,,,"[food_name] = '42' and [food_detail_1_42] = '1'",,,,,,
food_detail_1_43,alimentos,,dropdown,"Seleccione la especificación 1 de Mantecada","1, horneada",,,,,,"[food_name] = '43'",,,,,,
food_detail_1_44,alimentos,,dropdown,"Seleccione la especificación 1 de Mezcla lista para preparar pancakes","1, en polvo",,,,,,"[food_name] = '44'",,,,,,
food_detail_1_45,alimentos,,dropdown,"Seleccione la especificación 1 de Mijo","1, crudo",,,,,,"[food_name] = '45'",,,,,,
food_detail_1_46,alimentos,,dropdown,"Seleccione la especificación 1 de Mogolla","1, integral",,,,,,"[food_name] = '46'",,,,,,
food_detail_2_46_1,alimentos,,dropdown,"Seleccione la especificación 2 de Mogolla","1, horneada",,,,,,"[food_name] = '46' and [food_detail_1_46] = '1'",,,,,,
food_detail_1_47,alimentos,,dropdown,"Seleccione la especificación 1 de Mojicón","1, horneado",,,,,,"[food_name] = '47'",,,,,,
food_detail_1_48,alimentos,,dropdown,"Seleccione la especificación 1 de Muffins dulces","1, con chips de chocolate",,,,,,"[food_name] = '48'",,,,,,
food_detail_1_49,alimentos,,dropdown,"Seleccione la especificación 1 de Pan blanco","1, regular | 2, tipo molde | 3, horneado",,,,,,"[food_name] = '49'",,,,,,
food_detail_2_49_1,alimentos,,dropdown,"Seleccione la especificación 2 de Pan blanco","1, horneado",,,,,,"[food_name] = '49' and [food_detail_1_49] = '1'",,,,,,
food_detail_2_49_2,alimentos,,dropdown,"Seleccione la especificación 2 de Pan blanco","1, horneado",,,,,,"[food_name] = '49' and [food_detail_1_49] = '2'",,,,,,
food_detail_2_49_3,alimentos,,dropdown,"Seleccione la especificación 2 de Pan blanco","1, para perro caliente",,,,,,"[food_name] = '49' and [food_detail_1_49] = '3'",,,,,,
food_detail_3_49_3_1,alimentos,,dropdown,"Seleccione la especificación 3 de Pan blanco","1, Bimbo",,,,,,"[food_name] = '49' and [food_detail_1_49] = '3' and [food_detail_2_49_3] = '1'",,,,,,
food_detail_1_50,alimentos,,dropdown,"Seleccione la especificación 1 de Pan de centeno","1, horneado",,,,,,"[food_name] = '50'",,,,,,
food_detail_1_51,alimentos,,dropdown,"Seleccione la especificación 1 de Pan de dulce","1, regular",,,,,,"[food_name] = '51'",,,,,,
food_detail_2_51_1,alimentos,,dropdown,"Seleccione la especificación 2 de Pan de dulce","1, horneado",,,,,,"[food_name] = '51' and [food_detail_1_51] = '1'",,,,,,
food_detail_1_52,alimentos,,dropdown,"Seleccione la especificación 1 de Pan de leche","1, horneado",,,,,,"[food_name] = '52'",,,,,,
food_detail_1_53,alimentos,,dropdown,"Seleccione la especificación 1 de Pan de queso","1, horneado",,,,,,"[food_name] = '53'",,,,,,
food_detail_1_54,alimentos,,dropdown,"Seleccione la especificación 1 de Pan de sal regular","1, horenado",,,,,,"[food_name] = '54'",,,,,,
food_detail_1_55,alimentos,,dropdown,"Seleccione la especificación 1 de Pan de yuca","1, horneado",,,,,,"[food_name] = '55'",,,,,,
food_detail_1_56,alimentos,,dropdown,"Seleccione la especificación 1 de Pan francés","1, horneado",,,,,,"[food_name] = '56'",,,,,,
food_detail_1_57,alimentos,,dropdown,"Seleccione la especificación 1 de Pan integral","1, regular",,,,,,"[food_name] = '57'",,,,,,
food_detail_2_57_1,alimentos,,dropdown,"Seleccione la especificación 2 de Pan integral","1, horneado",,,,,,"[food_name] = '57' and [food_detail_1_57] = '1'",,,,,,
food_detail_1_58,alimentos,,dropdown,"Seleccione la especificación 1 de pandebono","1, horneado",,,,,,"[food_name] = '58'",,,,,,
food_detail_1_59,alimentos,,dropdown,"Seleccione la especificación 1 de Pasta alimenticia","1, con huevo | 2, enriquecida | 3, sin enriquecer | 4, enriquecida,cruda,otras",,,,,,"[food_name] = '59'",,,,,,
food_detail_2_59_1,alimentos,,dropdown,"Seleccione la especificación 2 de Pasta alimenticia","1, sin enriquecer",,,,,,"[food_name] = '59' and [food_detail_1_59] = '1'",,,,,,
food_detail_3_59_1_1,alimentos,,dropdown,"Seleccione la especificación 3 de Pasta alimenticia","1, cocida, sin sal",,,,,,"[food_name] = '59' and [food_detail_1_59] = '1' and [food_detail_2_59_1] = '1'",,,,,,
food_detail_2_59_2,alimentos,,dropdown,"Seleccione la especificación 2 de Pasta alimenticia","1, cruda",,,,,,"[food_name] = '59' and [food_detail_1_59] = '2'",,,,,,
food_detail_2_59_3,alimentos,,dropdown,"Seleccione la especificación 2 de Pasta alimenticia","1, cocida | 2, cruda",,,,,,"[food_name] = '59' and [food_detail_1_59] = '3'",,,,,,
food_detail_3_59_3_1,alimentos,,dropdown,"Seleccione la especificación 3 de Pasta alimenticia","1, sin sal",,,,,,"[food_name] = '59' and [food_detail_1_59] = '3' and [food_detail_2_59_3] = '1'",,,,,,
food_detail_1_61,alimentos,,dropdown,"Seleccione la especificación 1 de Ponqué blanco","1, cubierto de chocolate | 2, cubierto de crema blanca y chocolate horneado | 3, regular",,,,,,"[food_name] = '61'",,,,,,
food_detail_2_61_1,alimentos,,dropdown,"Seleccione la especificación 2 de Ponqué blanco","1, horneado",,,,,,"[food_name] = '61' and [food_detail_1_61] = '1'",,,,,,
food_detail_2_61_3,alimentos,,dropdown,"Seleccione la especificación 2 de Ponqué blanco","1, sin cubierta",,,,,,"[food_name] = '61' and [food_detail_1_61] = '3'",,,,,,
food_detail_3_61_3_1,alimentos,,dropdown,"Seleccione la especificación 3 de Ponqué blanco","1, horneado",,,,,,"[food_name] = '61' and [food_detail_1_61] = '3' and [food_detail_2_61_3] = '1'",,,,,,
food_detail_1_62,alimentos,,dropdown,"Seleccione la especificación 1 de Ponqué negro","1, cubierto de chocolate",,,,,,"[food_name] = '62'",,,,,,
food_detail_2_62_1,alimentos,,dropdown,"Seleccione la especificación 2 de Ponqué negro","1, horneado",,,,,,"[food_name] = '62' and [food_detail_1_62] = '1'",,,,,,
food_detail_1_63,alimentos,,dropdown,"Seleccione la especificación 1 de Ponqué","1, Gansito | 2, Chocoramo | 3, Chocoramo barrita | 4, Ramo | 5, Ramo Gala | 6, Ramo Tradición Selecta | 7, Pingüinos Marinela | 8, Submarinos Marinela | 9, Bimbo Bimboletes | 10, Bimbo Panqué | 11, Comapan | 12, Colombina Ponky",,,,,,"[food_name] = '63'",,,,,,
food_detail_2_63_1,alimentos,,dropdown,"Seleccione la especificación 2 de Ponqué","1, original",,,,,,"[food_name] = '63' and [food_detail_1_63] = '1'",,,,,,
food_detail_2_63_2,alimentos,,dropdown,"Seleccione la especificación 2 de Ponqué","1, original",,,,,,"[food_name] = '63' and [food_detail_1_63] = '2'",,,,,,
food_detail_2_63_3,alimentos,,dropdown,"Seleccione la especificación 2 de Ponqué","1, frutos rojos",,,,,,"[food_name] = '63' and [food_detail_1_63] = '3'",,,,,,
food_detail_2_63_4,alimentos,,dropdown,"Seleccione la especificación 2 de Ponqué","1, original",,,,,,"[food_name] = '63' and [food_detail_1_63] = '4'",,,,,,
food_detail_2_63_5,alimentos,,dropdown,"Seleccione la especificación 2 de Ponqué","1, chocolate | 2, vainilla | 3, coco",,,,,,"[food_name] = '63' and [food_detail_1_63] = '5'",,,,,,
food_detail_2_63_6,alimentos,,dropdown,"Seleccione la especificación 2 de Ponqué","1, chocolate",,,,,,"[food_name] = '63' and [food_detail_1_63] = '6'",,,,,,
food_detail_2_63_7,alimentos,,dropdown,"Seleccione la especificación 2 de Ponqué","1, original",,,,,,"[food_name] = '63' and [food_detail_1_63] = '7'",,,,,,
food_detail_2_63_8,alimentos,,dropdown,"Seleccione la especificación 2 de Ponqué","1, arequipe",,,,,,"[food_name] = '63' and [food_detail_1_63] = '8'",,,,,,
food_detail_2_63_9,alimentos,,dropdown,"Seleccione la especificación 2 de Ponqué","1, vainilla",,,,,,"[food_name] = '63' and [food_detail_1_63] = '9'",,,,,,
food_detail_2_63_10,alimentos,,dropdown,"Seleccione la especificación 2 de Ponqué","1, vainilla",,,,,,"[food_name] = '63' and [food_detail_1_63] = '10'",,,,,,
food_detail_2_63_11,alimentos,,dropdown,"Seleccione la especificación 2 de Ponqué","1, Chocolita | 2, vino | 3, Lolita",,,,,,"[food_name] = '63' and [food_detail_1_63] = '11'",,,,,,
food_detail_2_63_12,alimentos,,dropdown,"Seleccione la especificación 2 de Ponqué","1, vainilla | 2, cubierto de chocolate y vainilla",,,,,,"[food_name] = '63' and [food_detail_1_63] = '12'",,,,,,
food_detail_1_64,alimentos,,dropdown,"Seleccione la especificación 1 de Quinua","1, cruda",,,,,,"[food_name] = '64'",,,,,,
food_detail_1_65,alimentos,,dropdown,"Seleccione la especificación 1 de Roscas de harina de maíz y cuajada","1, horneadas",,,,,,"[food_name] = '65'",,,,,,
food_detail_1_66,alimentos,,dropdown,"Seleccione la especificación 1 de Roscas de harina de maíz","1, horneadas",,,,,,"[food_name] = '66'",,,,,,
food_detail_1_67,alimentos,,dropdown,"Seleccione la especificación 1 de Roscas de harina de trigo","1, horneadas",,,,,,"[food_name] = '67'",,,,,,
food_detail_1_68,alimentos,,dropdown,"Seleccione la especificación 1 de Roscón","1, relleno de arequipe | 2, relleno de bocadillo",,,,,,"[food_name] = '68'",,,,,,
food_detail_2_68_1,alimentos,,dropdown,"Seleccione la especificación 2 de Roscón","1, horneado",,,,,,"[food_name] = '68' and [food_detail_1_68] = '1'",,,,,,
food_detail_2_68_2,alimentos,,dropdown,"Seleccione la especificación 2 de Roscón","1, horneado",,,,,,"[food_name] = '68' and [food_detail_1_68] = '2'",,,,,,
food_detail_1_69,alimentos,,dropdown,"Seleccione la especificación 1 de Semolina","1, enriquecida | 2, sin enriquecer",,,,,,"[food_name] = '69'",,,,,,
food_detail_2_69_1,alimentos,,dropdown,"Seleccione la especificación 2 de Semolina","1, cruda",,,,,,"[food_name] = '69' and [food_detail_1_69] = '1'",,,,,,
food_detail_2_69_2,alimentos,,dropdown,"Seleccione la especificación 2 de Semolina","1, cruda",,,,,,"[food_name] = '69' and [food_detail_1_69] = '2'",,,,,,
food_detail_1_70,alimentos,,dropdown,"Seleccione la especificación 1 de Tostadas o calados","1, horneados",,,,,,"[food_name] = '70'",,,,,,
food_detail_1_71,alimentos,,dropdown,"Seleccione la especificación 1 de Trigo blando","1, crudo",,,,,,"[food_name] = '71'",,,,,,
food_detail_1_72,alimentos,,dropdown,"Seleccione la especificación 1 de Trigo duro","1, crudo",,,,,,"[food_name] = '72'",,,,,,
food_detail_1_73,alimentos,,dropdown,"Seleccione la especificación 1 de Barra de cereal","1, Nature Valley | 2, Tosh",,,,,,"[food_name] = '73'",,,,,,
food_detail_2_73_1,alimentos,,dropdown,"Seleccione la especificación 2 de Barra de cereal","1, almendras tostadas | 2, maní | 3, avena y miel | 4, mantequilla de maní | 5, avena y chocolate negro",,,,,,"[food_name] = '73' and [food_detail_1_73] = '1'",,,,,,
food_detail_2_73_2,alimentos,,dropdown,"Seleccione la especificación 2 de Barra de cereal","1, maní y pasas | 2, Chocolate semiamargo 47% | 3, original",,,,,,"[food_name] = '73' and [food_detail_1_73] = '2'",,,,,,
food_detail_1_74,alimentos,,dropdown,"Seleccione la especificación 1 de Ponqué de vainilla con cobertura de chocolate","1, Bimbo",,,,,,"[food_name] = '74'",,,,,,
food_detail_1_75,alimentos,,dropdown,"Seleccione la especificación 1 de Torta de brazo de reina","1, tipo liberal",,,,,,"[food_name] = '75'",,,,,,
food_detail_2_75_1,alimentos,,dropdown,"Seleccione la especificación 2 de Torta de brazo de reina","1, milhojaldres",,,,,,"[food_name] = '75' and [food_detail_1_75] = '1'",,,,,,
food_detail_1_76,alimentos,,dropdown,"Seleccione la especificación 1 de Tortilla de harina de trigo","1, Bimbo | 2, Crachos",,,,,,"[food_name] = '76'",,,,,,
food_detail_2_76_1,alimentos,,dropdown,"Seleccione la especificación 2 de Tortilla de harina de trigo","1, tradicional",,,,,,"[food_name] = '76' and [food_detail_1_76] = '1'",,,,,,
food_detail_1_77,alimentos,,dropdown,"Seleccione la especificación 1 de Tortilla de maíz","1, Sary",,,,,,"[food_name] = '77'",,,,,,
food_detail_1_78,alimentos,,dropdown,"Seleccione la especificación 1 de Tostadas","1, integrales",,,,,,"[food_name] = '78'",,,,,,
food_detail_2_78_1,alimentos,,dropdown,"Seleccione la especificación 2 de Tostadas","1, Bimbo",,,,,,"[food_name] = '78' and [food_detail_1_78] = '1'",,,,,,
food_detail_1_79,alimentos,,dropdown,"Seleccione la especificación 1 de Pan árabe blanco","1, Baalbek",,,,,,"[food_name] = '79'",,,,,,
food_detail_1_80,alimentos,,dropdown,"Seleccione la especificación 1 de Almidón de achira","1, crudo",,,,,,"[food_name] = '80'",,,,,,
food_detail_1_81,alimentos,,dropdown,"Seleccione la especificación 1 de Almidón de yuca","1, crudo",,,,,,"[food_name] = '81'",,,,,,
food_detail_1_82,alimentos,,dropdown,"Seleccione la especificación 1 de Arracacha","1, amarilla | 2, blanca | 3, morada",,,,,,"[food_name] = '82'",,,,,,
food_detail_2_82_1,alimentos,,dropdown,"Seleccione la especificación 2 de Arracacha","1, sin cáscara",,,,,,"[food_name] = '82' and [food_detail_1_82] = '1'",,,,,,
food_detail_3_82_1_1,alimentos,,dropdown,"Seleccione la especificación 3 de Arracacha","1, cruda",,,,,,"[food_name] = '82' and [food_detail_1_82] = '1' and [food_detail_2_82_1] = '1'",,,,,,
food_detail_2_82_2,alimentos,,dropdown,"Seleccione la especificación 2 de Arracacha","1, sin cáscara",,,,,,"[food_name] = '82' and [food_detail_1_82] = '2'",,,,,,
food_detail_3_82_2_1,alimentos,,dropdown,"Seleccione la especificación 3 de Arracacha","1, cruda",,,,,,"[food_name] = '82' and [food_detail_1_82] = '2' and [food_detail_2_82_2] = '1'",,,,,,
food_detail_2_82_3,alimentos,,dropdown,"Seleccione la especificación 2 de Arracacha","1, sin cáscara",,,,,,"[food_name] = '82' and [food_detail_1_82] = '3'",,,,,,
food_detail_3_82_3_1,alimentos,,dropdown,"Seleccione la especificación 3 de Arracacha","1, cruda",,,,,,"[food_name] = '82' and [food_detail_1_82] = '3' and [food_detail_2_82_3] = '1'",,,,,,
food_detail_1_83,alimentos,,dropdown,"Seleccione la especificación 1 de Batata","1, sin cáscara",,,,,,"[food_name] = '83'",,,,,,
food_detail_2_83_1,alimentos,,dropdown,"Seleccione la especificación 2 de Batata","1, cruda",,,,,,"[food_name] = '83' and [food_detail_1_83] = '1'",,,,,,
food_detail_1_85,alimentos,,dropdown,"Seleccione la especificación 1 de Harina de papa común","1, cruda",,,,,,"[food_name] = '85'",,,,,,
food_detail_1_86,alimentos,,dropdown,"Seleccione la especificación 1 de Harina de papa criolla","1, cruda",,,,,,"[food_name] = '86'",,,,,,
food_detail_1_87,alimentos,,dropdown,"Seleccione la especificación 1 de Harina de plátano","1, cruda",,,,,,"[food_name] = '87'",,,,,,
food_detail_1_88,alimentos,,dropdown,"Seleccione la especificación 1 de Harina de yuca","1, cruda",,,,,,"[food_name] = '88'",,,,,,
food_detail_1_89,alimentos,,dropdown,"Seleccione la especificación 1 de Harina de arracacha","1, cruda",,,,,,"[food_name] = '89'",,,,,,
food_detail_1_90,alimentos,,dropdown,"Seleccione la especificación 1 de Papa","1, variedad cerosa | 2, con leche | 3, variedad harinosa",,,,,,"[food_name] = '90'",,,,,,
food_detail_2_90_1,alimentos,,dropdown,"Seleccione la especificación 2 de Papa","1, sabanera",,,,,,"[food_name] = '90' and [food_detail_1_90] = '1'",,,,,,
food_detail_3_90_1_1,alimentos,,dropdown,"Seleccione la especificación 3 de Papa","1, con cáscara, cocida, sin sal | 2, con cáscara, cruda | 3, con cáscara, frita, sin sal | 4, sin cáscara, cocida, sin sal | 5, sin cáscara, cruda | 6, sin cáscara, frita, tipo francesa, sin sal",,,,,,"[food_name] = '90' and [food_detail_1_90] = '1' and [food_detail_2_90_1] = '1'",,,,,,
food_detail_2_90_3,alimentos,,dropdown,"Seleccione la especificación 2 de Papa","1, criolla | 2, pastusa",,,,,,"[food_name] = '90' and [food_detail_1_90] = '3'",,,,,,
food_detail_3_90_3_1,alimentos,,dropdown,"Seleccione la especificación 3 de Papa","1, con cáscara, cocida, sin sal | 2, sin cáscara, cruda",,,,,,"[food_name] = '90' and [food_detail_1_90] = '3' and [food_detail_2_90_3] = '1'",,,,,,
food_detail_3_90_3_2,alimentos,,dropdown,"Seleccione la especificación 3 de Papa","1, con cáscara, cocida, sin sal | 2, con cáscara, cruda | 3, sin cáscara, cocida, sin sal | 4, sin cáscara, cruda",,,,,,"[food_name] = '90' and [food_detail_1_90] = '3' and [food_detail_2_90_3] = '2'",,,,,,
food_detail_1_91,alimentos,,dropdown,"Seleccione la especificación 1 de Papa variedad harinosa","1, criolla",,,,,,"[food_name] = '91'",,,,,,
food_detail_2_91_1,alimentos,,dropdown,"Seleccione la especificación 2 de Papa variedad harinosa","1, con cáscara",,,,,,"[food_name] = '91' and [food_detail_1_91] = '1'",,,,,,
food_detail_3_91_1_1,alimentos,,dropdown,"Seleccione la especificación 3 de Papa variedad harinosa","1, cruda",,,,,,"[food_name] = '91' and [food_detail_1_91] = '1' and [food_detail_2_91_1] = '1'",,,,,,
food_detail_1_92,alimentos,,dropdown,"Seleccione la especificación 1 de Plátano áfrica","1, maduro | 2, verde",,,,,,"[food_name] = '92'",,,,,,
food_detail_2_92_1,alimentos,,dropdown,"Seleccione la especificación 2 de Plátano áfrica","1, crudo",,,,,,"[food_name] = '92' and [food_detail_1_92] = '1'",,,,,,
food_detail_2_92_2,alimentos,,dropdown,"Seleccione la especificación 2 de Plátano áfrica","1, crudo",,,,,,"[food_name] = '92' and [food_detail_1_92] = '2'",,,,,,
food_detail_1_93,alimentos,,dropdown,"Seleccione la especificación 1 de Plátano colí o guíneo","1, verde",,,,,,"[food_name] = '93'",,,,,,
food_detail_2_93_1,alimentos,,dropdown,"Seleccione la especificación 2 de Plátano colí o guíneo","1, crudo",,,,,,"[food_name] = '93' and [food_detail_1_93] = '1'",,,,,,
food_detail_1_94,alimentos,,dropdown,"Seleccione la especificación 1 de Plátano dominico","1, maduro | 2, verde",,,,,,"[food_name] = '94'",,,,,,
food_detail_2_94_1,alimentos,,dropdown,"Seleccione la especificación 2 de Plátano dominico","1, crudo",,,,,,"[food_name] = '94' and [food_detail_1_94] = '1'",,,,,,
food_detail_2_94_2,alimentos,,dropdown,"Seleccione la especificación 2 de Plátano dominico","1, crudo",,,,,,"[food_name] = '94' and [food_detail_1_94] = '2'",,,,,,
food_detail_1_95,alimentos,,dropdown,"Seleccione la especificación 1 de Plátano espermo","1, maduro",,,,,,"[food_name] = '95'",,,,,,
food_detail_2_95_1,alimentos,,dropdown,"Seleccione la especificación 2 de Plátano espermo","1, crudo",,,,,,"[food_name] = '95' and [food_detail_1_95] = '1'",,,,,,
food_detail_1_96,alimentos,,dropdown,"Seleccione la especificación 1 de Plátano hartón","1, maduro | 2, verde",,,,,,"[food_name] = '96'",,,,,,
food_detail_2_96_1,alimentos,,dropdown,"Seleccione la especificación 2 de Plátano hartón","1, cocido",,,,,,"[food_name] = '96' and [food_detail_1_96] = '1'",,,,,,
food_detail_3_96_1_1,alimentos,,dropdown,"Seleccione la especificación 3 de Plátano hartón","1, sin sal",,,,,,"[food_name] = '96' and [food_detail_1_96] = '1' and [food_detail_2_96_1] = '1'",,,,,,
food_detail_2_96_2,alimentos,,dropdown,"Seleccione la especificación 2 de Plátano hartón","1, cocido | 2, crudo",,,,,,"[food_name] = '96' and [food_detail_1_96] = '2'",,,,,,
food_detail_3_96_2_1,alimentos,,dropdown,"Seleccione la especificación 3 de Plátano hartón","1, sin sal",,,,,,"[food_name] = '96' and [food_detail_1_96] = '2' and [food_detail_2_96_2] = '1'",,,,,,
food_detail_1_97,alimentos,,dropdown,"Seleccione la especificación 1 de plátano hartón","1, maduro | 2, verde",,,,,,"[food_name] = '97'",,,,,,
food_detail_2_97_1,alimentos,,dropdown,"Seleccione la especificación 2 de plátano hartón","1, crudo | 2, frito",,,,,,"[food_name] = '97' and [food_detail_1_97] = '1'",,,,,,
food_detail_3_97_1_2,alimentos,,dropdown,"Seleccione la especificación 3 de plátano hartón","1, en tajadas, sin sal",,,,,,"[food_name] = '97' and [food_detail_1_97] = '1' and [food_detail_2_97_1] = '2'",,,,,,
food_detail_2_97_2,alimentos,,dropdown,"Seleccione la especificación 2 de plátano hartón","1, frito",,,,,,"[food_name] = '97' and [food_detail_1_97] = '2'",,,,,,
food_detail_3_97_2_1,alimentos,,dropdown,"Seleccione la especificación 3 de plátano hartón","1, en patacón, sin sal",,,,,,"[food_name] = '97' and [food_detail_1_97] = '2' and [food_detail_2_97_2] = '1'",,,,,,
food_detail_1_98,alimentos,,dropdown,"Seleccione la especificación 1 de Plátano","1, maritú",,,,,,"[food_name] = '98'",,,,,,
food_detail_2_98_1,alimentos,,dropdown,"Seleccione la especificación 2 de Plátano","1, maduro",,,,,,"[food_name] = '98' and [food_detail_1_98] = '1'",,,,,,
food_detail_3_98_1_1,alimentos,,dropdown,"Seleccione la especificación 3 de Plátano","1, crudo",,,,,,"[food_name] = '98' and [food_detail_1_98] = '1' and [food_detail_2_98_1] = '1'",,,,,,
food_detail_1_99,alimentos,,dropdown,"Seleccione la especificación 1 de Plátano popocho","1, verde",,,,,,"[food_name] = '99'",,,,,,
food_detail_2_99_1,alimentos,,dropdown,"Seleccione la especificación 2 de Plátano popocho","1, crudo",,,,,,"[food_name] = '99' and [food_detail_1_99] = '1'",,,,,,
food_detail_1_100,alimentos,,dropdown,"Seleccione la especificación 1 de Yuca blanca","1, sin cáscara",,,,,,"[food_name] = '100'",,,,,,
food_detail_2_100_1,alimentos,,dropdown,"Seleccione la especificación 2 de Yuca blanca","1, cocida sin sal | 2, cruda | 3, dorada",,,,,,"[food_name] = '100' and [food_detail_1_100] = '1'",,,,,,
food_detail_3_100_1_3,alimentos,,dropdown,"Seleccione la especificación 3 de Yuca blanca","1, sin sal",,,,,,"[food_name] = '100' and [food_detail_1_100] = '1' and [food_detail_2_100_1] = '3'",,,,,,
food_detail_1_101,alimentos,,dropdown,"Seleccione la especificación 1 de Achiras","1, Celio",,,,,,"[food_name] = '101'",,,,,,
food_detail_1_102,alimentos,,dropdown,"Seleccione la especificación 1 de Ajonjolí o sésamo","1, crudo",,,,,,"[food_name] = '102'",,,,,,
food_detail_1_103,alimentos,,dropdown,"Seleccione la especificación 1 de Arveja verde","1, cocida | 2, cruda",,,,,,"[food_name] = '103'",,,,,,
food_detail_2_103_1,alimentos,,dropdown,"Seleccione la especificación 2 de Arveja verde","1, sin sal",,,,,,"[food_name] = '103' and [food_detail_1_103] = '1'",,,,,,
food_detail_2_103_2,alimentos,,dropdown,"Seleccione la especificación 2 de Arveja verde","1, sin sal",,,,,,"[food_name] = '103' and [food_detail_1_103] = '2'",,,,,,
food_detail_1_104,alimentos,,dropdown,"Seleccione la especificación 1 de Arveja seca","1, cocida sin sal | 2, cruda",,,,,,"[food_name] = '104'",,,,,,
food_detail_1_105,alimentos,,dropdown,"Seleccione la especificación 1 de Balú o chachafruto verde","1, crudo",,,,,,"[food_name] = '105'",,,,,,
food_detail_1_106,alimentos,,dropdown,"Seleccione la especificación 1 de Frijol blanco","1, crudo",,,,,,"[food_name] = '106'",,,,,,
food_detail_1_107,alimentos,,dropdown,"Seleccione la especificación 1 de Frijol bola roja","1, crudo",,,,,,"[food_name] = '107'",,,,,,
food_detail_1_108,alimentos,,dropdown,"Seleccione la especificación 1 de Frijol cabecita negra","1, crudo",,,,,,"[food_name] = '108'",,,,,,
food_detail_1_109,alimentos,,dropdown,"Seleccione la especificación 1 de Frijol canavalia","1, crudo",,,,,,"[food_name] = '109'",,,,,,
food_detail_1_110,alimentos,,dropdown,"Seleccione la especificación 1 de Frijol caraota o negro","1, crudo",,,,,,"[food_name] = '110'",,,,,,
food_detail_1_111,alimentos,,dropdown,"Seleccione la especificación 1 de Frijol cargamanto rojo","1, cocido | 2, crudo",,,,,,"[food_name] = '111'",,,,,,
food_detail_2_111_1,alimentos,,dropdown,"Seleccione la especificación 2 de Frijol cargamanto rojo","1, sin sal",,,,,,"[food_name] = '111' and [food_detail_1_111] = '1'",,,,,,
food_detail_1_112,alimentos,,dropdown,"Seleccione la especificación 1 de Frijol cargamanto rosado","1, crudo",,,,,,"[food_name] = '112'",,,,,,
food_detail_1_113,alimentos,,dropdown,"Seleccione la especificación 1 de Frijol guandul","1, crudo",,,,,,"[food_name] = '113'",,,,,,
food_detail_1_114,alimentos,,dropdown,"Seleccione la especificación 1 de Frijol mungo","1, crudo",,,,,,"[food_name] = '114'",,,,,,
food_detail_1_115,alimentos,,dropdown,"Seleccione la especificación 1 de Frijol nima","1, crudo",,,,,,"[food_name] = '115'",,,,,,
food_detail_1_116,alimentos,,dropdown,"Seleccione la especificación 1 de Frijol radical","1, crudo",,,,,,"[food_name] = '116'",,,,,,
food_detail_1_117,alimentos,,dropdown,"Seleccione la especificación 1 de Frijol sangretoro","1, crudo",,,,,,"[food_name] = '117'",,,,,,
food_detail_1_118,alimentos,,dropdown,"Seleccione la especificación 1 de Frijol verde","1, cocido con sal | 2, crudo",,,,,,"[food_name] = '118'",,,,,,
food_detail_1_119,alimentos,,dropdown,"Seleccione la especificación 1 de Garbanzo","1, cocido | 2, crudo",,,,,,"[food_name] = '119'",,,,,,
food_detail_2_119_1,alimentos,,dropdown,"Seleccione la especificación 2 de Garbanzo","1, sin sal",,,,,,"[food_name] = '119' and [food_detail_1_119] = '1'",,,,,,
food_detail_1_120,alimentos,,dropdown,"Seleccione la especificación 1 de Guisantes dulces","1, crudos",,,,,,"[food_name] = '120'",,,,,,
food_detail_1_121,alimentos,,dropdown,"Seleccione la especificación 1 de Haba seca","1, cruda",,,,,,"[food_name] = '121'",,,,,,
food_detail_1_122,alimentos,,dropdown,"Seleccione la especificación 1 de Haba verde","1, cruda",,,,,,"[food_name] = '122'",,,,,,
food_detail_1_123,alimentos,,dropdown,"Seleccione la especificación 1 de Harina de algarrobo","1, cruda",,,,,,"[food_name] = '123'",,,,,,
food_detail_1_124,alimentos,,dropdown,"Seleccione la especificación 1 de Harina de frijol mungo","1, cruda",,,,,,"[food_name] = '124'",,,,,,
food_detail_1_125,alimentos,,dropdown,"Seleccione la especificación 1 de Harina de garbanzo","1, cruda",,,,,,"[food_name] = '125'",,,,,,
food_detail_1_126,alimentos,,dropdown,"Seleccione la especificación 1 de Harina de soya","1, con grasa",,,,,,"[food_name] = '126'",,,,,,
food_detail_2_126_1,alimentos,,dropdown,"Seleccione la especificación 2 de Harina de soya","1, cruda",,,,,,"[food_name] = '126' and [food_detail_1_126] = '1'",,,,,,
food_detail_1_127,alimentos,,dropdown,"Seleccione la especificación 1 de Lenteja común","1, cocida | 2, cruda",,,,,,"[food_name] = '127'",,,,,,
food_detail_2_127_1,alimentos,,dropdown,"Seleccione la especificación 2 de Lenteja común","1, sin sal",,,,,,"[food_name] = '127' and [food_detail_1_127] = '1'",,,,,,
food_detail_1_128,alimentos,,dropdown,"Seleccione la especificación 1 de Lenteja real","1, cruda",,,,,,"[food_name] = '128'",,,,,,
food_detail_1_129,alimentos,,dropdown,"Seleccione la especificación 1 de Soya","1, cruda | 2, tostada",,,,,,"[food_name] = '129'",,,,,,
food_detail_1_130,alimentos,,dropdown,"Seleccione la especificación 1 de Tofu","1, crudo",,,,,,"[food_name] = '130'",,,,,,
food_detail_2_130_1,alimentos,,dropdown,"Seleccione la especificación 2 de Tofu","1, en bloque",,,,,,"[food_name] = '130' and [food_detail_1_130] = '1'",,,,,,
food_detail_1_131,alimentos,,dropdown,"Seleccione la especificación 1 de Habichuela","1, cocida | 2, cruda",,,,,,"[food_name] = '131'",,,,,,
food_detail_2_131_1,alimentos,,dropdown,"Seleccione la especificación 2 de Habichuela","1, picada",,,,,,"[food_name] = '131' and [food_detail_1_131] = '1'",,,,,,
food_detail_3_131_1_1,alimentos,,dropdown,"Seleccione la especificación 3 de Habichuela","1, sin sal",,,,,,"[food_name] = '131' and [food_detail_1_131] = '1' and [food_detail_2_131_1] = '1'",,,,,,
food_detail_2_131_2,alimentos,,dropdown,"Seleccione la especificación 2 de Habichuela","1, entera",,,,,,"[food_name] = '131' and [food_detail_1_131] = '2'",,,,,,
food_detail_1_132,alimentos,,dropdown,"Seleccione la especificación 1 de Almendra","1, seca",,,,,,"[food_name] = '132'",,,,,,
food_detail_1_133,alimentos,,dropdown,"Seleccione la especificación 1 de Macadamia","1, seca",,,,,,"[food_name] = '133'",,,,,,
food_detail_1_134,alimentos,,dropdown,"Seleccione la especificación 1 de Marañón","1, frito | 2, seco | 3, tostado",,,,,,"[food_name] = '134'",,,,,,
food_detail_2_134_1,alimentos,,dropdown,"Seleccione la especificación 2 de Marañón","1, sin sal",,,,,,"[food_name] = '134' and [food_detail_1_134] = '1'",,,,,,
food_detail_2_134_3,alimentos,,dropdown,"Seleccione la especificación 2 de Marañón","1, sin sal",,,,,,"[food_name] = '134' and [food_detail_1_134] = '3'",,,,,,
food_detail_1_135,alimentos,,dropdown,"Seleccione la especificación 1 de Nuez de Brasil","1, seca",,,,,,"[food_name] = '135'",,,,,,
food_detail_1_136,alimentos,,dropdown,"Seleccione la especificación 1 de Pistacho","1, tostado",,,,,,"[food_name] = '136'",,,,,,
food_detail_2_136_1,alimentos,,dropdown,"Seleccione la especificación 2 de Pistacho","1, sin sal",,,,,,"[food_name] = '136' and [food_detail_1_136] = '1'",,,,,,
food_detail_1_137,alimentos,,dropdown,"Seleccione la especificación 1 de Café soluble","1, descafeinado | 2, con cafeina",,,,,,"[food_name] = '137'",,,,,,
food_detail_2_137_1,alimentos,,dropdown,"Seleccione la especificación 2 de Café soluble","1, en polvo",,,,,,"[food_name] = '137' and [food_detail_1_137] = '1'",,,,,,
food_detail_2_137_2,alimentos,,dropdown,"Seleccione la especificación 2 de Café soluble","1, en polvo",,,,,,"[food_name] = '137' and [food_detail_1_137] = '2'",,,,,,
food_detail_1_138,alimentos,,dropdown,"Seleccione la especificación 1 de Café","1, tostado y molido",,,,,,"[food_name] = '138'",,,,,,
food_detail_2_138_1,alimentos,,dropdown,"Seleccione la especificación 2 de Café","1, en polvo | 2, infusión al 6%",,,,,,"[food_name] = '138' and [food_detail_1_138] = '1'",,,,,,
food_detail_3_138_1_2,alimentos,,dropdown,"Seleccione la especificación 3 de Café","1, sin azúcar",,,,,,"[food_name] = '138' and [food_detail_1_138] = '1' and [food_detail_2_138_1] = '2'",,,,,,
food_detail_1_140,alimentos,,dropdown,"Seleccione la especificación 1 de Cacao","1, tostado y molido",,,,,,"[food_name] = '140'",,,,,,
food_detail_1_141,alimentos,,dropdown,"Seleccione la especificación 1 de Chocolate","1, en bolas | 2, en pastilla | 3, Choco Break | 4, Mont Blanc | 5, Nucita | 6, Ferrero Rocher | 7, Jet | 8, Jet Lyne | 9, Jet Burbujas | 10, Nuggets Milo Nestlé | 11, Wafer Jet | 12, Gol | 13, Jumbo | 14, Kinder | 15, Kinder bueno | 16, Lyne | 17, Milky Way | 18, Snickers",,,,,,"[food_name] = '141'",,,,,,
food_detail_2_141_1,alimentos,,dropdown,"Seleccione la especificación 2 de Chocolate","1, con panela",,,,,,"[food_name] = '141' and [food_detail_1_141] = '1'",,,,,,
food_detail_2_141_2,alimentos,,dropdown,"Seleccione la especificación 2 de Chocolate","1, con azúcar | 2, con azúcar y leche",,,,,,"[food_name] = '141' and [food_detail_1_141] = '2'",,,,,,
food_detail_2_141_3,alimentos,,dropdown,"Seleccione la especificación 2 de Chocolate","1, surtido frutal",,,,,,"[food_name] = '141' and [food_detail_1_141] = '3'",,,,,,
food_detail_2_141_4,alimentos,,dropdown,"Seleccione la especificación 2 de Chocolate","1, macadamia caramelizada",,,,,,"[food_name] = '141' and [food_detail_1_141] = '4'",,,,,,
food_detail_2_141_5,alimentos,,dropdown,"Seleccione la especificación 2 de Chocolate","1, Avellana chocolate blanco",,,,,,"[food_name] = '141' and [food_detail_1_141] = '5'",,,,,,
food_detail_2_141_6,alimentos,,dropdown,"Seleccione la especificación 2 de Chocolate","1, Avellana",,,,,,"[food_name] = '141' and [food_detail_1_141] = '6'",,,,,,
food_detail_2_141_7,alimentos,,dropdown,"Seleccione la especificación 2 de Chocolate","1, leche",,,,,,"[food_name] = '141' and [food_detail_1_141] = '7'",,,,,,
food_detail_2_141_8,alimentos,,dropdown,"Seleccione la especificación 2 de Chocolate","1, leche sin azúcar",,,,,,"[food_name] = '141' and [food_detail_1_141] = '8'",,,,,,
food_detail_2_141_9,alimentos,,dropdown,"Seleccione la especificación 2 de Chocolate","1, arequipe",,,,,,"[food_name] = '141' and [food_detail_1_141] = '9'",,,,,,
food_detail_2_141_10,alimentos,,dropdown,"Seleccione la especificación 2 de Chocolate","1, malta con cobertura de chocolate",,,,,,"[food_name] = '141' and [food_detail_1_141] = '10'",,,,,,
food_detail_2_141_11,alimentos,,dropdown,"Seleccione la especificación 2 de Chocolate","1, vainilla",,,,,,"[food_name] = '141' and [food_detail_1_141] = '11'",,,,,,
food_detail_2_141_12,alimentos,,dropdown,"Seleccione la especificación 2 de Chocolate","1, chocolate caramelo arroz y maní",,,,,,"[food_name] = '141' and [food_detail_1_141] = '12'",,,,,,
food_detail_2_141_13,alimentos,,dropdown,"Seleccione la especificación 2 de Chocolate","1, Maní",,,,,,"[food_name] = '141' and [food_detail_1_141] = '13'",,,,,,
food_detail_2_141_14,alimentos,,dropdown,"Seleccione la especificación 2 de Chocolate","1, leche",,,,,,"[food_name] = '141' and [food_detail_1_141] = '14'",,,,,,
food_detail_2_141_15,alimentos,,dropdown,"Seleccione la especificación 2 de Chocolate","1, leche y avellanas",,,,,,"[food_name] = '141' and [food_detail_1_141] = '15'",,,,,,
food_detail_2_141_16,alimentos,,dropdown,"Seleccione la especificación 2 de Chocolate","1, leche",,,,,,"[food_name] = '141' and [food_detail_1_141] = '16'",,,,,,
food_detail_2_141_17,alimentos,,dropdown,"Seleccione la especificación 2 de Chocolate","1, caramelo",,,,,,"[food_name] = '141' and [food_detail_1_141] = '17'",,,,,,
food_detail_2_141_18,alimentos,,dropdown,"Seleccione la especificación 2 de Chocolate","1, caramelo",,,,,,"[food_name] = '141' and [food_detail_1_141] = '18'",,,,,,
food_detail_1_142,alimentos,,dropdown,"Seleccione la especificación 1 de Maní","1, con piel | 2, Maní Moto | 3, La Especial | 4, Manitoba",,,,,,"[food_name] = '142'",,,,,,
food_detail_2_142_1,alimentos,,dropdown,"Seleccione la especificación 2 de Maní","1, crudo | 2, tostado",,,,,,"[food_name] = '142' and [food_detail_1_142] = '1'",,,,,,
food_detail_3_142_1_2,alimentos,,dropdown,"Seleccione la especificación 3 de Maní","1, sin sal",,,,,,"[food_name] = '142' and [food_detail_1_142] = '1' and [food_detail_2_142_1] = '2'",,,,,,
food_detail_2_142_2,alimentos,,dropdown,"Seleccione la especificación 2 de Maní","1, original | 2, limón",,,,,,"[food_name] = '142' and [food_detail_1_142] = '2'",,,,,,
food_detail_2_142_3,alimentos,,dropdown,"Seleccione la especificación 2 de Maní","1, sal | 2, uvas pasas y maní salado",,,,,,"[food_name] = '142' and [food_detail_1_142] = '3'",,,,,,
food_detail_2_142_4,alimentos,,dropdown,"Seleccione la especificación 2 de Maní","1, caramelo y sal | 2, Maní almendras marañones",,,,,,"[food_name] = '142' and [food_detail_1_142] = '4'",,,,,,
food_detail_1_143,alimentos,,dropdown,"Seleccione la especificación 1 de Linaza","1, molida",,,,,,"[food_name] = '143'",,,,,,
food_detail_1_145,alimentos,,dropdown,"Seleccione la especificación 1 de Kumis","1, Genérico | 2, Alpina",,,,,,"[food_name] = '145'",,,,,,
food_detail_2_145_1,alimentos,,dropdown,"Seleccione la especificación 2 de Kumis","1, entero",,,,,,"[food_name] = '145' and [food_detail_1_145] = '1'",,,,,,
food_detail_3_145_1_1,alimentos,,dropdown,"Seleccione la especificación 3 de Kumis","1, con azúcar",,,,,,"[food_name] = '145' and [food_detail_1_145] = '1' and [food_detail_2_145_1] = '1'",,,,,,
food_detail_2_145_2,alimentos,,dropdown,"Seleccione la especificación 2 de Kumis","1, entero",,,,,,"[food_name] = '145' and [food_detail_1_145] = '2'",,,,,,
food_detail_3_145_2_1,alimentos,,dropdown,"Seleccione la especificación 3 de Kumis","1, con azúcar",,,,,,"[food_name] = '145' and [food_detail_1_145] = '2' and [food_detail_2_145_2] = '1'",,,,,,
food_detail_1_147,alimentos,,dropdown,"Seleccione la especificación 1 de Leche de cabra","1, entera",,,,,,"[food_name] = '147'",,,,,,
food_detail_2_147_1,alimentos,,dropdown,"Seleccione la especificación 2 de Leche de cabra","1, líquida",,,,,,"[food_name] = '147' and [food_detail_1_147] = '1'",,,,,,
food_detail_3_147_1_1,alimentos,,dropdown,"Seleccione la especificación 3 de Leche de cabra","1, cruda",,,,,,"[food_name] = '147' and [food_detail_1_147] = '1' and [food_detail_2_147_1] = '1'",,,,,,
food_detail_1_148,alimentos,,dropdown,"Seleccione la especificación 1 de Leche de vaca","1, condensada | 2, descremada | 3, entera | 4, semidescremada",,,,,,"[food_name] = '148'",,,,,,
food_detail_2_148_1,alimentos,,dropdown,"Seleccione la especificación 2 de Leche de vaca","1, con azúcar",,,,,,"[food_name] = '148' and [food_detail_1_148] = '1'",,,,,,
food_detail_2_148_2,alimentos,,dropdown,"Seleccione la especificación 2 de Leche de vaca","1, en polvo | 2, líquida",,,,,,"[food_name] = '148' and [food_detail_1_148] = '2'",,,,,,
food_detail_3_148_2_2,alimentos,,dropdown,"Seleccione la especificación 3 de Leche de vaca","1, pasteurizada",,,,,,"[food_name] = '148' and [food_detail_1_148] = '2' and [food_detail_2_148_2] = '2'",,,,,,
food_detail_2_148_3,alimentos,,dropdown,"Seleccione la especificación 2 de Leche de vaca","1, en polvo | 2, evaporada | 3, líquida",,,,,,"[food_name] = '148' and [food_detail_1_148] = '3'",,,,,,
food_detail_3_148_3_3,alimentos,,dropdown,"Seleccione la especificación 3 de Leche de vaca","1, cruda | 2, hervida | 3, pasteurizada",,,,,,"[food_name] = '148' and [food_detail_1_148] = '3' and [food_detail_2_148_3] = '3'",,,,,,
food_detail_2_148_4,alimentos,,dropdown,"Seleccione la especificación 2 de Leche de vaca","1, deslactosada",,,,,,"[food_name] = '148' and [food_detail_1_148] = '4'",,,,,,
food_detail_3_148_4_1,alimentos,,dropdown,"Seleccione la especificación 3 de Leche de vaca","1, pasteurizada, alpina",,,,,,"[food_name] = '148' and [food_detail_1_148] = '4' and [food_detail_2_148_4] = '1'",,,,,,
food_detail_1_149,alimentos,,dropdown,"Seleccione la especificación 1 de Leche condensada","1, La Lechera Nestlé",,,,,,"[food_name] = '149'",,,,,,
food_detail_1_150,alimentos,,dropdown,"Seleccione la especificación 1 de Leche chocolatada","1, Alpin",,,,,,"[food_name] = '150'",,,,,,
food_detail_2_150_1,alimentos,,dropdown,"Seleccione la especificación 2 de Leche chocolatada","1, fresa",,,,,,"[food_name] = '150' and [food_detail_1_150] = '1'",,,,,,
food_detail_1_151,alimentos,,dropdown,"Seleccione la especificación 1 de Queso crema","1, amarillo",,,,,,"[food_name] = '151'",,,,,,
food_detail_1_152,alimentos,,dropdown,"Seleccione la especificación 1 de Queso fresco","1, blando | 2, semiblando | 3, semiduro",,,,,,"[food_name] = '152'",,,,,,
food_detail_2_152_1,alimentos,,dropdown,"Seleccione la especificación 2 de Queso fresco","1, magro",,,,,,"[food_name] = '152' and [food_detail_1_152] = '1'",,,,,,
food_detail_3_152_1_1,alimentos,,dropdown,"Seleccione la especificación 3 de Queso fresco","1, tipo suero costeño, genérico",,,,,,"[food_name] = '152' and [food_detail_1_152] = '1' and [food_detail_2_152_1] = '1'",,,,,,
food_detail_2_152_2,alimentos,,dropdown,"Seleccione la especificación 2 de Queso fresco","1, semimagro",,,,,,"[food_name] = '152' and [food_detail_1_152] = '2'",,,,,,
food_detail_3_152_2_1,alimentos,,dropdown,"Seleccione la especificación 3 de Queso fresco","1, tipo cuajada, genérico",,,,,,"[food_name] = '152' and [food_detail_1_152] = '2' and [food_detail_2_152_2] = '1'",,,,,,
food_detail_2_152_3,alimentos,,dropdown,"Seleccione la especificación 2 de Queso fresco","1, semigraso | 2, semimagro | 3, graso",,,,,,"[food_name] = '152' and [food_detail_1_152] = '3'",,,,,,
food_detail_3_152_3_1,alimentos,,dropdown,"Seleccione la especificación 3 de Queso fresco","1, tipo campesino, genérico | 2, tipo costeño, genérico | 3, tipo mozzarella, genérico",,,,,,"[food_name] = '152' and [food_detail_1_152] = '3' and [food_detail_2_152_3] = '1'",,,,,,
food_detail_3_152_3_2,alimentos,,dropdown,"Seleccione la especificación 3 de Queso fresco","1, de pasta hilada, genérico | 2, tipo doble crema, genérico",,,,,,"[food_name] = '152' and [food_detail_1_152] = '3' and [food_detail_2_152_3] = '2'",,,,,,
food_detail_3_152_3_3,alimentos,,dropdown,"Seleccione la especificación 3 de Queso fresco","1, tipo pera, Del Vecchio",,,,,,"[food_name] = '152' and [food_detail_1_152] = '3' and [food_detail_2_152_3] = '3'",,,,,,
food_detail_1_153,alimentos,,dropdown,"Seleccione la especificación 1 de Queso madurado","1, blando | 2, duro | 3, semiduro",,,,,,"[food_name] = '153'",,,,,,
food_detail_2_153_1,alimentos,,dropdown,"Seleccione la especificación 2 de Queso madurado","1, magro",,,,,,"[food_name] = '153' and [food_detail_1_153] = '1'",,,,,,
food_detail_3_153_1_1,alimentos,,dropdown,"Seleccione la especificación 3 de Queso madurado","1, tipo cottage, con crema, genérico | 2, tipo cottage, sin crema, genérico",,,,,,"[food_name] = '153' and [food_detail_1_153] = '1' and [food_detail_2_153_1] = '1'",,,,,,
food_detail_2_153_2,alimentos,,dropdown,"Seleccione la especificación 2 de Queso madurado","1, semigraso",,,,,,"[food_name] = '153' and [food_detail_1_153] = '2'",,,,,,
food_detail_3_153_2_1,alimentos,,dropdown,"Seleccione la especificación 3 de Queso madurado","1, tipo parmesano, genérico | 2, tipo roquefort, genérico",,,,,,"[food_name] = '153' and [food_detail_1_153] = '2' and [food_detail_2_153_2] = '1'",,,,,,
food_detail_2_153_3,alimentos,,dropdown,"Seleccione la especificación 2 de Queso madurado","1, semigraso",,,,,,"[food_name] = '153' and [food_detail_1_153] = '3'",,,,,,
food_detail_3_153_3_1,alimentos,,dropdown,"Seleccione la especificación 3 de Queso madurado","1, tipo camembert, genérico | 2, tipo holandés, genérico",,,,,,"[food_name] = '153' and [food_detail_1_153] = '3' and [food_detail_2_153_3] = '1'",,,,,,
food_detail_1_154,alimentos,,dropdown,"Seleccione la especificación 1 de Quesadillo","1, semiduro",,,,,,"[food_name] = '154'",,,,,,
food_detail_2_154_1,alimentos,,dropdown,"Seleccione la especificación 2 de Quesadillo","1, graso",,,,,,"[food_name] = '154' and [food_detail_1_154] = '1'",,,,,,
food_detail_3_154_1_1,alimentos,,dropdown,"Seleccione la especificación 3 de Quesadillo","1, tipo ""Butirro"", Del Vecchio",,,,,,"[food_name] = '154' and [food_detail_1_154] = '1' and [food_detail_2_154_1] = '1'",,,,,,
food_detail_1_155,alimentos,,dropdown,"Seleccione la especificación 1 de Yogurt griego","1, Alpina",,,,,,"[food_name] = '155'",,,,,,
food_detail_2_155_1,alimentos,,dropdown,"Seleccione la especificación 2 de Yogurt griego","1, entero",,,,,,"[food_name] = '155' and [food_detail_1_155] = '1'",,,,,,
food_detail_3_155_1_1,alimentos,,dropdown,"Seleccione la especificación 3 de Yogurt griego","1, natural, sin azúcar",,,,,,"[food_name] = '155' and [food_detail_1_155] = '1' and [food_detail_2_155_1] = '1'",,,,,,
food_detail_1_156,alimentos,,dropdown,"Seleccione la especificación 1 de Yogurt","1, bebible | 2, Alpina | 3, Pasco | 4, finesse Alpina | 5, Colanta",,,,,,"[food_name] = '156'",,,,,,
food_detail_2_156_1,alimentos,,dropdown,"Seleccione la especificación 2 de Yogurt","1, entero | 2, descremado | 3, semidescremado",,,,,,"[food_name] = '156' and [food_detail_1_156] = '1'",,,,,,
food_detail_3_156_1_1,alimentos,,dropdown,"Seleccione la especificación 3 de Yogurt","1, con azúcar",,,,,,"[food_name] = '156' and [food_detail_1_156] = '1' and [food_detail_2_156_1] = '1'",,,,,,
food_detail_3_156_1_2,alimentos,,dropdown,"Seleccione la especificación 3 de Yogurt","1, sin azúcar",,,,,,"[food_name] = '156' and [food_detail_1_156] = '1' and [food_detail_2_156_1] = '2'",,,,,,
food_detail_3_156_1_3,alimentos,,dropdown,"Seleccione la especificación 3 de Yogurt","1, con azúcar",,,,,,"[food_name] = '156' and [food_detail_1_156] = '1' and [food_detail_2_156_1] = '3'",,,,,,
food_detail_2_156_2,alimentos,,dropdown,"Seleccione la especificación 2 de Yogurt","1, semidescremado",,,,,,"[food_name] = '156' and [food_detail_1_156] = '2'",,,,,,
food_detail_3_156_2_1,alimentos,,dropdown,"Seleccione la especificación 3 de Yogurt","1, mora, con azúcar | 2, melocotón, con azúcar | 3, fresa, con azúcar",,,,,,"[food_name] = '156' and [food_detail_1_156] = '2' and [food_detail_2_156_2] = '1'",,,,,,
food_detail_2_156_3,alimentos,,dropdown,"Seleccione la especificación 2 de Yogurt","1, semidescremado",,,,,,"[food_name] = '156' and [food_detail_1_156] = '3'",,,,,,
food_detail_3_156_3_1,alimentos,,dropdown,"Seleccione la especificación 3 de Yogurt","1, natural, sin azúcar",,,,,,"[food_name] = '156' and [food_detail_1_156] = '3' and [food_detail_2_156_3] = '1'",,,,,,
food_detail_2_156_4,alimentos,,dropdown,"Seleccione la especificación 2 de Yogurt","1, descremado",,,,,,"[food_name] = '156' and [food_detail_1_156] = '4'",,,,,,
food_detail_3_156_4_1,alimentos,,dropdown,"Seleccione la especificación 3 de Yogurt","1, melocotón, sin azúcar | 2, fresa, sin azúcar | 3, mora, sin azúcar",,,,,,"[food_name] = '156' and [food_detail_1_156] = '4' and [food_detail_2_156_4] = '1'",,,,,,
food_detail_2_156_5,alimentos,,dropdown,"Seleccione la especificación 2 de Yogurt","1, entero",,,,,,"[food_name] = '156' and [food_detail_1_156] = '5'",,,,,,
food_detail_3_156_5_1,alimentos,,dropdown,"Seleccione la especificación 3 de Yogurt","1, melocotón, con azúcar | 2, guanábana, con azúcar | 3, arequipe con pasas, con azúcar | 4, mora, con azúcar",,,,,,"[food_name] = '156' and [food_detail_1_156] = '5' and [food_detail_2_156_5] = '1'",,,,,,
food_detail_1_157,alimentos,,dropdown,"Seleccione la especificación 1 de Alimento lácteo Fermentado","1, Yox Defensis Alpina | 2, Regeneris Alpina | 3, Yogo Yogo Alpina | 4, Parmalat",,,,,,"[food_name] = '157'",,,,,,
food_detail_2_157_1,alimentos,,dropdown,"Seleccione la especificación 2 de Alimento lácteo Fermentado","1, fresa",,,,,,"[food_name] = '157' and [food_detail_1_157] = '1'",,,,,,
food_detail_2_157_2,alimentos,,dropdown,"Seleccione la especificación 2 de Alimento lácteo Fermentado","1, fresa",,,,,,"[food_name] = '157' and [food_detail_1_157] = '2'",,,,,,
food_detail_2_157_3,alimentos,,dropdown,"Seleccione la especificación 2 de Alimento lácteo Fermentado","1, melocotón | 2, mora",,,,,,"[food_name] = '157' and [food_detail_1_157] = '3'",,,,,,
food_detail_2_157_4,alimentos,,dropdown,"Seleccione la especificación 2 de Alimento lácteo Fermentado","1, fresa",,,,,,"[food_name] = '157' and [food_detail_1_157] = '4'",,,,,,
food_detail_1_158,alimentos,,dropdown,"Seleccione la especificación 1 de Alpinito","1, mora | 2, fresa | 3, melocotón",,,,,,"[food_name] = '158'",,,,,,
food_detail_1_159,alimentos,,dropdown,"Seleccione la especificación 1 de Huevo de codorniz","1, entero",,,,,,"[food_name] = '159'",,,,,,
food_detail_2_159_1,alimentos,,dropdown,"Seleccione la especificación 2 de Huevo de codorniz","1, crudo",,,,,,"[food_name] = '159' and [food_detail_1_159] = '1'",,,,,,
food_detail_1_160,alimentos,,dropdown,"Seleccione la especificación 1 de Huevo de gallina","1, clara | 2, entero | 3, yema",,,,,,"[food_name] = '160'",,,,,,
food_detail_2_160_1,alimentos,,dropdown,"Seleccione la especificación 2 de Huevo de gallina","1, crudo",,,,,,"[food_name] = '160' and [food_detail_1_160] = '1'",,,,,,
food_detail_2_160_2,alimentos,,dropdown,"Seleccione la especificación 2 de Huevo de gallina","1, cocido | 2, crudo | 3, en polvo | 4, frito | 5, revuelto | 6, tibio",,,,,,"[food_name] = '160' and [food_detail_1_160] = '2'",,,,,,
food_detail_3_160_2_1,alimentos,,dropdown,"Seleccione la especificación 3 de Huevo de gallina","1, sin sal",,,,,,"[food_name] = '160' and [food_detail_1_160] = '2' and [food_detail_2_160_2] = '1'",,,,,,
food_detail_3_160_2_4,alimentos,,dropdown,"Seleccione la especificación 3 de Huevo de gallina","1, sin sal",,,,,,"[food_name] = '160' and [food_detail_1_160] = '2' and [food_detail_2_160_2] = '4'",,,,,,
food_detail_3_160_2_5,alimentos,,dropdown,"Seleccione la especificación 3 de Huevo de gallina","1, con sal",,,,,,"[food_name] = '160' and [food_detail_1_160] = '2' and [food_detail_2_160_2] = '5'",,,,,,
food_detail_3_160_2_6,alimentos,,dropdown,"Seleccione la especificación 3 de Huevo de gallina","1, sin sal",,,,,,"[food_name] = '160' and [food_detail_1_160] = '2' and [food_detail_2_160_2] = '6'",,,,,,
food_detail_2_160_3,alimentos,,dropdown,"Seleccione la especificación 2 de Huevo de gallina","1, crudo",,,,,,"[food_name] = '160' and [food_detail_1_160] = '3'",,,,,,
food_detail_1_161,alimentos,,dropdown,"Seleccione la especificación 1 de Huevo de iguana","1, entero",,,,,,"[food_name] = '161'",,,,,,
food_detail_2_161_1,alimentos,,dropdown,"Seleccione la especificación 2 de Huevo de iguana","1, crudo",,,,,,"[food_name] = '161' and [food_detail_1_161] = '1'",,,,,,
food_detail_1_162,alimentos,,dropdown,"Seleccione la especificación 1 de Huevo de pata","1, entero",,,,,,"[food_name] = '162'",,,,,,
food_detail_2_162_1,alimentos,,dropdown,"Seleccione la especificación 2 de Huevo de pata","1, crudo",,,,,,"[food_name] = '162' and [food_detail_1_162] = '1'",,,,,,
food_detail_1_163,alimentos,,dropdown,"Seleccione la especificación 1 de Huevo de pava","1, entero",,,,,,"[food_name] = '163'",,,,,,
food_detail_2_163_1,alimentos,,dropdown,"Seleccione la especificación 2 de Huevo de pava","1, crudo",,,,,,"[food_name] = '163' and [food_detail_1_163] = '1'",,,,,,
food_detail_1_164,alimentos,,dropdown,"Seleccione la especificación 1 de Huevo de tortuga","1, entero",,,,,,"[food_name] = '164'",,,,,,
food_detail_2_164_1,alimentos,,dropdown,"Seleccione la especificación 2 de Huevo de tortuga","1, crudo",,,,,,"[food_name] = '164' and [food_detail_1_164] = '1'",,,,,,
food_detail_1_165,alimentos,,dropdown,"Seleccione la especificación 1 de Almeja","1, de agua dulce",,,,,,"[food_name] = '165'",,,,,,
food_detail_2_165_1,alimentos,,dropdown,"Seleccione la especificación 2 de Almeja","1, cruda",,,,,,"[food_name] = '165' and [food_detail_1_165] = '1'",,,,,,
food_detail_1_166,alimentos,,dropdown,"Seleccione la especificación 1 de Arenque","1, entero",,,,,,"[food_name] = '166'",,,,,,
food_detail_2_166_1,alimentos,,dropdown,"Seleccione la especificación 2 de Arenque","1, crudo",,,,,,"[food_name] = '166' and [food_detail_1_166] = '1'",,,,,,
food_detail_1_167,alimentos,,dropdown,"Seleccione la especificación 1 de Atún","1, enlatado en aceite | 2, enlatado en agua",,,,,,"[food_name] = '167'",,,,,,
food_detail_1_168,alimentos,,dropdown,"Seleccione la especificación 1 de Bagre","1, graso | 2, magro | 3, semigraso",,,,,,"[food_name] = '168'",,,,,,
food_detail_2_168_1,alimentos,,dropdown,"Seleccione la especificación 2 de Bagre","1, sin cabeza",,,,,,"[food_name] = '168' and [food_detail_1_168] = '1'",,,,,,
food_detail_3_168_1_1,alimentos,,dropdown,"Seleccione la especificación 3 de Bagre","1, crudo",,,,,,"[food_name] = '168' and [food_detail_1_168] = '1' and [food_detail_2_168_1] = '1'",,,,,,
food_detail_2_168_2,alimentos,,dropdown,"Seleccione la especificación 2 de Bagre","1, entero | 2, sin cabeza",,,,,,"[food_name] = '168' and [food_detail_1_168] = '2'",,,,,,
food_detail_3_168_2_1,alimentos,,dropdown,"Seleccione la especificación 3 de Bagre","1, cocido, sin sal",,,,,,"[food_name] = '168' and [food_detail_1_168] = '2' and [food_detail_2_168_2] = '1'",,,,,,
food_detail_3_168_2_2,alimentos,,dropdown,"Seleccione la especificación 3 de Bagre","1, crudo",,,,,,"[food_name] = '168' and [food_detail_1_168] = '2' and [food_detail_2_168_2] = '2'",,,,,,
food_detail_2_168_3,alimentos,,dropdown,"Seleccione la especificación 2 de Bagre","1, sin cabeza",,,,,,"[food_name] = '168' and [food_detail_1_168] = '3'",,,,,,
food_detail_3_168_3_1,alimentos,,dropdown,"Seleccione la especificación 3 de Bagre","1, crudo",,,,,,"[food_name] = '168' and [food_detail_1_168] = '3' and [food_detail_2_168_3] = '1'",,,,,,
food_detail_1_169,alimentos,,dropdown,"Seleccione la especificación 1 de Bocachico","1, entero | 2, sin cabeza",,,,,,"[food_name] = '169'",,,,,,
food_detail_2_169_1,alimentos,,dropdown,"Seleccione la especificación 2 de Bocachico","1, cocido",,,,,,"[food_name] = '169' and [food_detail_1_169] = '1'",,,,,,
food_detail_3_169_1_1,alimentos,,dropdown,"Seleccione la especificación 3 de Bocachico","1, sin sal",,,,,,"[food_name] = '169' and [food_detail_1_169] = '1' and [food_detail_2_169_1] = '1'",,,,,,
food_detail_2_169_2,alimentos,,dropdown,"Seleccione la especificación 2 de Bocachico","1, crudo | 2, salado",,,,,,"[food_name] = '169' and [food_detail_1_169] = '2'",,,,,,
food_detail_3_169_2_2,alimentos,,dropdown,"Seleccione la especificación 3 de Bocachico","1, crudo",,,,,,"[food_name] = '169' and [food_detail_1_169] = '2' and [food_detail_2_169_2] = '2'",,,,,,
food_detail_1_170,alimentos,,dropdown,"Seleccione la especificación 1 de Bonito","1, sin cabeza",,,,,,"[food_name] = '170'",,,,,,
food_detail_2_170_1,alimentos,,dropdown,"Seleccione la especificación 2 de Bonito","1, crudo",,,,,,"[food_name] = '170' and [food_detail_1_170] = '1'",,,,,,
food_detail_1_171,alimentos,,dropdown,"Seleccione la especificación 1 de Cachama","1, entera | 2, sin cabeza",,,,,,"[food_name] = '171'",,,,,,
food_detail_2_171_1,alimentos,,dropdown,"Seleccione la especificación 2 de Cachama","1, frita",,,,,,"[food_name] = '171' and [food_detail_1_171] = '1'",,,,,,
food_detail_3_171_1_1,alimentos,,dropdown,"Seleccione la especificación 3 de Cachama","1, con sal",,,,,,"[food_name] = '171' and [food_detail_1_171] = '1' and [food_detail_2_171_1] = '1'",,,,,,
food_detail_2_171_2,alimentos,,dropdown,"Seleccione la especificación 2 de Cachama","1, cruda",,,,,,"[food_name] = '171' and [food_detail_1_171] = '2'",,,,,,
food_detail_1_172,alimentos,,dropdown,"Seleccione la especificación 1 de Calamar","1, crudo",,,,,,"[food_name] = '172'",,,,,,
food_detail_1_173,alimentos,,dropdown,"Seleccione la especificación 1 de Camarón","1, cocido | 2, crudo",,,,,,"[food_name] = '173'",,,,,,
food_detail_2_173_1,alimentos,,dropdown,"Seleccione la especificación 2 de Camarón","1, sin sal",,,,,,"[food_name] = '173' and [food_detail_1_173] = '1'",,,,,,
food_detail_1_174,alimentos,,dropdown,"Seleccione la especificación 1 de Cangrejo","1, crudo",,,,,,"[food_name] = '174'",,,,,,
food_detail_1_175,alimentos,,dropdown,"Seleccione la especificación 1 de Caracol de mar","1, crudo",,,,,,"[food_name] = '175'",,,,,,
food_detail_1_176,alimentos,,dropdown,"Seleccione la especificación 1 de Carite","1, entero",,,,,,"[food_name] = '176'",,,,,,
food_detail_2_176_1,alimentos,,dropdown,"Seleccione la especificación 2 de Carite","1, crudo",,,,,,"[food_name] = '176' and [food_detail_1_176] = '1'",,,,,,
food_detail_1_177,alimentos,,dropdown,"Seleccione la especificación 1 de Corvina","1, de mar",,,,,,"[food_name] = '177'",,,,,,
food_detail_2_177_1,alimentos,,dropdown,"Seleccione la especificación 2 de Corvina","1, filete",,,,,,"[food_name] = '177' and [food_detail_1_177] = '1'",,,,,,
food_detail_3_177_1_1,alimentos,,dropdown,"Seleccione la especificación 3 de Corvina","1, crudo",,,,,,"[food_name] = '177' and [food_detail_1_177] = '1' and [food_detail_2_177_1] = '1'",,,,,,
food_detail_1_178,alimentos,,dropdown,"Seleccione la especificación 1 de Jaiba o cangrejo azul","1, cocida",,,,,,"[food_name] = '178'",,,,,,
food_detail_2_178_1,alimentos,,dropdown,"Seleccione la especificación 2 de Jaiba o cangrejo azul","1, sin sal",,,,,,"[food_name] = '178' and [food_detail_1_178] = '1'",,,,,,
food_detail_1_179,alimentos,,dropdown,"Seleccione la especificación 1 de Langosta","1, cruda",,,,,,"[food_name] = '179'",,,,,,
food_detail_1_180,alimentos,,dropdown,"Seleccione la especificación 1 de Langostino","1, crudo",,,,,,"[food_name] = '180'",,,,,,
food_detail_1_181,alimentos,,dropdown,"Seleccione la especificación 1 de Lenguado","1, entero",,,,,,"[food_name] = '181'",,,,,,
food_detail_2_181_1,alimentos,,dropdown,"Seleccione la especificación 2 de Lenguado","1, crudo",,,,,,"[food_name] = '181' and [food_detail_1_181] = '1'",,,,,,
food_detail_1_182,alimentos,,dropdown,"Seleccione la especificación 1 de Lisa","1, sin cabeza",,,,,,"[food_name] = '182'",,,,,,
food_detail_2_182_1,alimentos,,dropdown,"Seleccione la especificación 2 de Lisa","1, cruda",,,,,,"[food_name] = '182' and [food_detail_1_182] = '1'",,,,,,
food_detail_1_183,alimentos,,dropdown,"Seleccione la especificación 1 de Lisa sin cabeza","1, salada",,,,,,"[food_name] = '183'",,,,,,
food_detail_2_183_1,alimentos,,dropdown,"Seleccione la especificación 2 de Lisa sin cabeza","1, cruda",,,,,,"[food_name] = '183' and [food_detail_1_183] = '1'",,,,,,
food_detail_1_184,alimentos,,dropdown,"Seleccione la especificación 1 de Macabí o machete","1, entero",,,,,,"[food_name] = '184'",,,,,,
food_detail_2_184_1,alimentos,,dropdown,"Seleccione la especificación 2 de Macabí o machete","1, crudo",,,,,,"[food_name] = '184' and [food_detail_1_184] = '1'",,,,,,
food_detail_1_185,alimentos,,dropdown,"Seleccione la especificación 1 de Machuelo o nomcholo","1, sin cabeza",,,,,,"[food_name] = '185'",,,,,,
food_detail_2_185_1,alimentos,,dropdown,"Seleccione la especificación 2 de Machuelo o nomcholo","1, crudo",,,,,,"[food_name] = '185' and [food_detail_1_185] = '1'",,,,,,
food_detail_1_186,alimentos,,dropdown,"Seleccione la especificación 1 de Merluza","1, filete",,,,,,"[food_name] = '186'",,,,,,
food_detail_2_186_1,alimentos,,dropdown,"Seleccione la especificación 2 de Merluza","1, crudo",,,,,,"[food_name] = '186' and [food_detail_1_186] = '1'",,,,,,
food_detail_1_187,alimentos,,dropdown,"Seleccione la especificación 1 de Mero","1, entero",,,,,,"[food_name] = '187'",,,,,,
food_detail_2_187_1,alimentos,,dropdown,"Seleccione la especificación 2 de Mero","1, crudo",,,,,,"[food_name] = '187' and [food_detail_1_187] = '1'",,,,,,
food_detail_1_188,alimentos,,dropdown,"Seleccione la especificación 1 de Ostra","1, cruda",,,,,,"[food_name] = '188'",,,,,,
food_detail_1_189,alimentos,,dropdown,"Seleccione la especificación 1 de Pescado seco","1, crudo",,,,,,"[food_name] = '189'",,,,,,
food_detail_1_190,alimentos,,dropdown,"Seleccione la especificación 1 de Pulpo","1, crudo",,,,,,"[food_name] = '190'",,,,,,
food_detail_1_191,alimentos,,dropdown,"Seleccione la especificación 1 de Raya","1, filete",,,,,,"[food_name] = '191'",,,,,,
food_detail_2_191_1,alimentos,,dropdown,"Seleccione la especificación 2 de Raya","1, asado",,,,,,"[food_name] = '191' and [food_detail_1_191] = '1'",,,,,,
food_detail_1_192,alimentos,,dropdown,"Seleccione la especificación 1 de Róbalo o gualajo","1, entero",,,,,,"[food_name] = '192'",,,,,,
food_detail_2_192_1,alimentos,,dropdown,"Seleccione la especificación 2 de Róbalo o gualajo","1, crudo",,,,,,"[food_name] = '192' and [food_detail_1_192] = '1'",,,,,,
food_detail_1_193,alimentos,,dropdown,"Seleccione la especificación 1 de Salmón","1, enlatado en aceite | 2, filete",,,,,,"[food_name] = '193'",,,,,,
food_detail_2_193_2,alimentos,,dropdown,"Seleccione la especificación 2 de Salmón","1, crudo",,,,,,"[food_name] = '193' and [food_detail_1_193] = '2'",,,,,,
food_detail_1_194,alimentos,,dropdown,"Seleccione la especificación 1 de Sardinas","1, enlatadas en aceite | 2, enlatadas en salsa de tomate",,,,,,"[food_name] = '194'",,,,,,
food_detail_1_195,alimentos,,dropdown,"Seleccione la especificación 1 de Sierra","1, entera",,,,,,"[food_name] = '195'",,,,,,
food_detail_2_195_1,alimentos,,dropdown,"Seleccione la especificación 2 de Sierra","1, cruda",,,,,,"[food_name] = '195' and [food_detail_1_195] = '1'",,,,,,
food_detail_1_196,alimentos,,dropdown,"Seleccione la especificación 1 de Tiburón","1, filete",,,,,,"[food_name] = '196'",,,,,,
food_detail_2_196_1,alimentos,,dropdown,"Seleccione la especificación 2 de Tiburón","1, crudo",,,,,,"[food_name] = '196' and [food_detail_1_196] = '1'",,,,,,
food_detail_1_197,alimentos,,dropdown,"Seleccione la especificación 1 de Tilapia o mojarra","1, entera | 2, frita | 3, recortes",,,,,,"[food_name] = '197'",,,,,,
food_detail_2_197_1,alimentos,,dropdown,"Seleccione la especificación 2 de Tilapia o mojarra","1, cruda",,,,,,"[food_name] = '197' and [food_detail_1_197] = '1'",,,,,,
food_detail_2_197_2,alimentos,,dropdown,"Seleccione la especificación 2 de Tilapia o mojarra","1, sin sal",,,,,,"[food_name] = '197' and [food_detail_1_197] = '2'",,,,,,
food_detail_2_197_3,alimentos,,dropdown,"Seleccione la especificación 2 de Tilapia o mojarra","1, crudos",,,,,,"[food_name] = '197' and [food_detail_1_197] = '3'",,,,,,
food_detail_1_198,alimentos,,dropdown,"Seleccione la especificación 1 de Trucha","1, de mar | 2, entera | 3, recortes",,,,,,"[food_name] = '198'",,,,,,
food_detail_2_198_1,alimentos,,dropdown,"Seleccione la especificación 2 de Trucha","1, entera",,,,,,"[food_name] = '198' and [food_detail_1_198] = '1'",,,,,,
food_detail_3_198_1_1,alimentos,,dropdown,"Seleccione la especificación 3 de Trucha","1, cruda",,,,,,"[food_name] = '198' and [food_detail_1_198] = '1' and [food_detail_2_198_1] = '1'",,,,,,
food_detail_2_198_2,alimentos,,dropdown,"Seleccione la especificación 2 de Trucha","1, cruda",,,,,,"[food_name] = '198' and [food_detail_1_198] = '2'",,,,,,
food_detail_2_198_3,alimentos,,dropdown,"Seleccione la especificación 2 de Trucha","1, crudos",,,,,,"[food_name] = '198' and [food_detail_1_198] = '3'",,,,,,
food_detail_1_199,alimentos,,dropdown,"Seleccione la especificación 1 de Armadillo","1, carne",,,,,,"[food_name] = '199'",,,,,,
food_detail_2_199_1,alimentos,,dropdown,"Seleccione la especificación 2 de Armadillo","1, cruda",,,,,,"[food_name] = '199' and [food_detail_1_199] = '1'",,,,,,
food_detail_1_200,alimentos,,dropdown,"Seleccione la especificación 1 de Babilla","1, carne",,,,,,"[food_name] = '200'",,,,,,
food_detail_2_200_1,alimentos,,dropdown,"Seleccione la especificación 2 de Babilla","1, cruda",,,,,,"[food_name] = '200' and [food_detail_1_200] = '1'",,,,,,
food_detail_1_201,alimentos,,dropdown,"Seleccione la especificación 1 de Cabra o chivo","1, carne",,,,,,"[food_name] = '201'",,,,,,
food_detail_2_201_1,alimentos,,dropdown,"Seleccione la especificación 2 de Cabra o chivo","1, cocida | 2, cruda",,,,,,"[food_name] = '201' and [food_detail_1_201] = '1'",,,,,,
food_detail_3_201_1_1,alimentos,,dropdown,"Seleccione la especificación 3 de Cabra o chivo","1, sin sal",,,,,,"[food_name] = '201' and [food_detail_1_201] = '1' and [food_detail_2_201_1] = '1'",,,,,,
food_detail_1_202,alimentos,,dropdown,"Seleccione la especificación 1 de Caracol terrestre","1, carne",,,,,,"[food_name] = '202'",,,,,,
food_detail_2_202_1,alimentos,,dropdown,"Seleccione la especificación 2 de Caracol terrestre","1, cruda",,,,,,"[food_name] = '202' and [food_detail_1_202] = '1'",,,,,,
food_detail_1_203,alimentos,,dropdown,"Seleccione la especificación 1 de Conejo","1, carne",,,,,,"[food_name] = '203'",,,,,,
food_detail_2_203_1,alimentos,,dropdown,"Seleccione la especificación 2 de Conejo","1, cocida | 2, cruda",,,,,,"[food_name] = '203' and [food_detail_1_203] = '1'",,,,,,
food_detail_3_203_1_1,alimentos,,dropdown,"Seleccione la especificación 3 de Conejo","1, sin sal",,,,,,"[food_name] = '203' and [food_detail_1_203] = '1' and [food_detail_2_203_1] = '1'",,,,,,
food_detail_1_204,alimentos,,dropdown,"Seleccione la especificación 1 de Iguana","1, carne",,,,,,"[food_name] = '204'",,,,,,
food_detail_2_204_1,alimentos,,dropdown,"Seleccione la especificación 2 de Iguana","1, cruda",,,,,,"[food_name] = '204' and [food_detail_1_204] = '1'",,,,,,
food_detail_1_205,alimentos,,dropdown,"Seleccione la especificación 1 de Carne","1, Pato",,,,,,"[food_name] = '205'",,,,,,
food_detail_2_205_1,alimentos,,dropdown,"Seleccione la especificación 2 de Carne","1, cruda",,,,,,"[food_name] = '205' and [food_detail_1_205] = '1'",,,,,,
food_detail_1_206,alimentos,,dropdown,"Seleccione la especificación 1 de Tortuga","1, carne",,,,,,"[food_name] = '206'",,,,,,
food_detail_2_206_1,alimentos,,dropdown,"Seleccione la especificación 2 de Tortuga","1, cruda",,,,,,"[food_name] = '206' and [food_detail_1_206] = '1'",,,,,,
food_detail_1_207,alimentos,,dropdown,"Seleccione la especificación 1 de Butifarra","1, precocida",,,,,,"[food_name] = '207'",,,,,,
food_detail_1_208,alimentos,,dropdown,"Seleccione la especificación 1 de Cerdo","1, brazo cocido | 2, brazo | 3, carne gorda | 4, carne magra | 5, carne muy gorda | 6, carne semigorda | 7, costilla | 8, hígado | 9, lomo | 10, panceta o tocineta | 11, Pierna o pernil | 12, riñon | 13, tocino",,,,,,"[food_name] = '208'",,,,,,
food_detail_2_208_1,alimentos,,dropdown,"Seleccione la especificación 2 de Cerdo","1, sin sal",,,,,,"[food_name] = '208' and [food_detail_1_208] = '1'",,,,,,
food_detail_2_208_2,alimentos,,dropdown,"Seleccione la especificación 2 de Cerdo","1, crudo | 2, horneado",,,,,,"[food_name] = '208' and [food_detail_1_208] = '2'",,,,,,
food_detail_3_208_2_2,alimentos,,dropdown,"Seleccione la especificación 3 de Cerdo","1, sin sal",,,,,,"[food_name] = '208' and [food_detail_1_208] = '2' and [food_detail_2_208_2] = '2'",,,,,,
food_detail_2_208_3,alimentos,,dropdown,"Seleccione la especificación 2 de Cerdo","1, cruda",,,,,,"[food_name] = '208' and [food_detail_1_208] = '3'",,,,,,
food_detail_2_208_4,alimentos,,dropdown,"Seleccione la especificación 2 de Cerdo","1, cruda",,,,,,"[food_name] = '208' and [food_detail_1_208] = '4'",,,,,,
food_detail_2_208_5,alimentos,,dropdown,"Seleccione la especificación 2 de Cerdo","1, cruda",,,,,,"[food_name] = '208' and [food_detail_1_208] = '5'",,,,,,
food_detail_2_208_6,alimentos,,dropdown,"Seleccione la especificación 2 de Cerdo","1, cruda",,,,,,"[food_name] = '208' and [food_detail_1_208] = '6'",,,,,,
food_detail_2_208_7,alimentos,,dropdown,"Seleccione la especificación 2 de Cerdo","1, cocida sin sal | 2, cruda | 3, horneada",,,,,,"[food_name] = '208' and [food_detail_1_208] = '7'",,,,,,
food_detail_3_208_7_3,alimentos,,dropdown,"Seleccione la especificación 3 de Cerdo","1, sin sal",,,,,,"[food_name] = '208' and [food_detail_1_208] = '7' and [food_detail_2_208_7] = '3'",,,,,,
food_detail_2_208_8,alimentos,,dropdown,"Seleccione la especificación 2 de Cerdo","1, crudo",,,,,,"[food_name] = '208' and [food_detail_1_208] = '8'",,,,,,
food_detail_2_208_9,alimentos,,dropdown,"Seleccione la especificación 2 de Cerdo","1, cocido | 2, crudo | 3, horneado",,,,,,"[food_name] = '208' and [food_detail_1_208] = '9'",,,,,,
food_detail_3_208_9_1,alimentos,,dropdown,"Seleccione la especificación 3 de Cerdo","1, sin sal",,,,,,"[food_name] = '208' and [food_detail_1_208] = '9' and [food_detail_2_208_9] = '1'",,,,,,
food_detail_3_208_9_3,alimentos,,dropdown,"Seleccione la especificación 3 de Cerdo","1, sin sal",,,,,,"[food_name] = '208' and [food_detail_1_208] = '9' and [food_detail_2_208_9] = '3'",,,,,,
food_detail_2_208_10,alimentos,,dropdown,"Seleccione la especificación 2 de Cerdo","1, cocida sin sal | 2, cruda | 3, salteada",,,,,,"[food_name] = '208' and [food_detail_1_208] = '10'",,,,,,
food_detail_3_208_10_3,alimentos,,dropdown,"Seleccione la especificación 3 de Cerdo","1, sin sal",,,,,,"[food_name] = '208' and [food_detail_1_208] = '10' and [food_detail_2_208_10] = '3'",,,,,,
food_detail_2_208_11,alimentos,,dropdown,"Seleccione la especificación 2 de Cerdo","1, cocida | 2, cruda | 3, horneada",,,,,,"[food_name] = '208' and [food_detail_1_208] = '11'",,,,,,
food_detail_3_208_11_1,alimentos,,dropdown,"Seleccione la especificación 3 de Cerdo","1, sin sal",,,,,,"[food_name] = '208' and [food_detail_1_208] = '11' and [food_detail_2_208_11] = '1'",,,,,,
food_detail_3_208_11_3,alimentos,,dropdown,"Seleccione la especificación 3 de Cerdo","1, sin sal",,,,,,"[food_name] = '208' and [food_detail_1_208] = '11' and [food_detail_2_208_11] = '3'",,,,,,
food_detail_2_208_12,alimentos,,dropdown,"Seleccione la especificación 2 de Cerdo","1, crudo",,,,,,"[food_name] = '208' and [food_detail_1_208] = '12'",,,,,,
food_detail_2_208_13,alimentos,,dropdown,"Seleccione la especificación 2 de Cerdo","1, cocido | 2, crudo | 3, frito en su propia grasa (chicharrón) | 4, salteado",,,,,,"[food_name] = '208' and [food_detail_1_208] = '13'",,,,,,
food_detail_3_208_13_1,alimentos,,dropdown,"Seleccione la especificación 3 de Cerdo","1, sin sal",,,,,,"[food_name] = '208' and [food_detail_1_208] = '13' and [food_detail_2_208_13] = '1'",,,,,,
food_detail_3_208_13_3,alimentos,,dropdown,"Seleccione la especificación 3 de Cerdo","1, con sal",,,,,,"[food_name] = '208' and [food_detail_1_208] = '13' and [food_detail_2_208_13] = '3'",,,,,,
food_detail_3_208_13_4,alimentos,,dropdown,"Seleccione la especificación 3 de Cerdo","1, sin sal",,,,,,"[food_name] = '208' and [food_detail_1_208] = '13' and [food_detail_2_208_13] = '4'",,,,,,
food_detail_1_209,alimentos,,dropdown,"Seleccione la especificación 1 de Chiguiro","1, carne | 2, pierna o pernil",,,,,,"[food_name] = '209'",,,,,,
food_detail_2_209_1,alimentos,,dropdown,"Seleccione la especificación 2 de Chiguiro","1, salada",,,,,,"[food_name] = '209' and [food_detail_1_209] = '1'",,,,,,
food_detail_3_209_1_1,alimentos,,dropdown,"Seleccione la especificación 3 de Chiguiro","1, cruda",,,,,,"[food_name] = '209' and [food_detail_1_209] = '1' and [food_detail_2_209_1] = '1'",,,,,,
food_detail_2_209_2,alimentos,,dropdown,"Seleccione la especificación 2 de Chiguiro","1, cruda",,,,,,"[food_name] = '209' and [food_detail_1_209] = '2'",,,,,,
food_detail_1_210,alimentos,,dropdown,"Seleccione la especificación 1 de Chorizo de cerdo y res","1, crudo",,,,,,"[food_name] = '210'",,,,,,
food_detail_1_211,alimentos,,dropdown,"Seleccione la especificación 1 de Chorizo de pollo","1, crudo",,,,,,"[food_name] = '211'",,,,,,
food_detail_1_212,alimentos,,dropdown,"Seleccione la especificación 1 de Codorniz o perdiz","1, entera sin piel",,,,,,"[food_name] = '212'",,,,,,
food_detail_2_212_1,alimentos,,dropdown,"Seleccione la especificación 2 de Codorniz o perdiz","1, cruda",,,,,,"[food_name] = '212' and [food_detail_1_212] = '1'",,,,,,
food_detail_1_213,alimentos,,dropdown,"Seleccione la especificación 1 de Hígado de conejo","1, crudo",,,,,,"[food_name] = '213'",,,,,,
food_detail_1_214,alimentos,,dropdown,"Seleccione la especificación 1 de Riñón de conejo","1, crudo",,,,,,"[food_name] = '214'",,,,,,
food_detail_1_215,alimentos,,dropdown,"Seleccione la especificación 1 de Cordero","1, carne gorda | 2, carne magra | 3, carne muy gorda | 4, carne semigorda",,,,,,"[food_name] = '215'",,,,,,
food_detail_2_215_1,alimentos,,dropdown,"Seleccione la especificación 2 de Cordero","1, cruda",,,,,,"[food_name] = '215' and [food_detail_1_215] = '1'",,,,,,
food_detail_2_215_2,alimentos,,dropdown,"Seleccione la especificación 2 de Cordero","1, cruda",,,,,,"[food_name] = '215' and [food_detail_1_215] = '2'",,,,,,
food_detail_2_215_3,alimentos,,dropdown,"Seleccione la especificación 2 de Cordero","1, cruda",,,,,,"[food_name] = '215' and [food_detail_1_215] = '3'",,,,,,
food_detail_2_215_4,alimentos,,dropdown,"Seleccione la especificación 2 de Cordero","1, cruda",,,,,,"[food_name] = '215' and [food_detail_1_215] = '4'",,,,,,
food_detail_1_216,alimentos,,dropdown,"Seleccione la especificación 1 de Corazón de cordero","1, crudo",,,,,,"[food_name] = '216'",,,,,,
food_detail_1_217,alimentos,,dropdown,"Seleccione la especificación 1 de Hígado de cordero","1, crudo",,,,,,"[food_name] = '217'",,,,,,
food_detail_1_218,alimentos,,dropdown,"Seleccione la especificación 1 de Riñón de cordero","1, crudo",,,,,,"[food_name] = '218'",,,,,,
food_detail_1_219,alimentos,,dropdown,"Seleccione la especificación 1 de Gallina","1, entera con piel",,,,,,"[food_name] = '219'",,,,,,
food_detail_2_219_1,alimentos,,dropdown,"Seleccione la especificación 2 de Gallina","1, cruda",,,,,,"[food_name] = '219' and [food_detail_1_219] = '1'",,,,,,
food_detail_1_220,alimentos,,dropdown,"Seleccione la especificación 1 de Hamburguesa de carne de res","1, cruda",,,,,,"[food_name] = '220'",,,,,,
food_detail_1_221,alimentos,,dropdown,"Seleccione la especificación 1 de Jamón de cerdo y res","1, tipo sánduche",,,,,,"[food_name] = '221'",,,,,,
food_detail_2_221_1,alimentos,,dropdown,"Seleccione la especificación 2 de Jamón de cerdo y res","1, precocido",,,,,,"[food_name] = '221' and [food_detail_1_221] = '1'",,,,,,
food_detail_1_222,alimentos,,dropdown,"Seleccione la especificación 1 de Jamón de cerdo","1, crudo",,,,,,"[food_name] = '222'",,,,,,
food_detail_1_223,alimentos,,dropdown,"Seleccione la especificación 1 de Jamón tipo york","1, precocido",,,,,,"[food_name] = '223'",,,,,,
food_detail_1_224,alimentos,,dropdown,"Seleccione la especificación 1 de Mortadela de cerdo y res","1, precocida",,,,,,"[food_name] = '224'",,,,,,
food_detail_1_225,alimentos,,dropdown,"Seleccione la especificación 1 de Mortadela de pollo","1, precocida",,,,,,"[food_name] = '225'",,,,,,
food_detail_1_226,alimentos,,dropdown,"Seleccione la especificación 1 de Pavo","1, ala sin piel | 2, costillar con piel | 3, entero con piel | 4, pechuga sin piel | 5, pescuezo o cuello | 6, pierna o pernil sin piel | 7, rabadilla con piel",,,,,,"[food_name] = '226'",,,,,,
food_detail_2_226_1,alimentos,,dropdown,"Seleccione la especificación 2 de Pavo","1, cruda",,,,,,"[food_name] = '226' and [food_detail_1_226] = '1'",,,,,,
food_detail_2_226_2,alimentos,,dropdown,"Seleccione la especificación 2 de Pavo","1, crudo",,,,,,"[food_name] = '226' and [food_detail_1_226] = '2'",,,,,,
food_detail_2_226_3,alimentos,,dropdown,"Seleccione la especificación 2 de Pavo","1, crudo | 2, horneado",,,,,,"[food_name] = '226' and [food_detail_1_226] = '3'",,,,,,
food_detail_3_226_3_2,alimentos,,dropdown,"Seleccione la especificación 3 de Pavo","1, sin sal",,,,,,"[food_name] = '226' and [food_detail_1_226] = '3' and [food_detail_2_226_3] = '2'",,,,,,
food_detail_2_226_4,alimentos,,dropdown,"Seleccione la especificación 2 de Pavo","1, cruda | 2, horneada",,,,,,"[food_name] = '226' and [food_detail_1_226] = '4'",,,,,,
food_detail_3_226_4_2,alimentos,,dropdown,"Seleccione la especificación 3 de Pavo","1, sin sal",,,,,,"[food_name] = '226' and [food_detail_1_226] = '4' and [food_detail_2_226_4] = '2'",,,,,,
food_detail_2_226_5,alimentos,,dropdown,"Seleccione la especificación 2 de Pavo","1, sin piel",,,,,,"[food_name] = '226' and [food_detail_1_226] = '5'",,,,,,
food_detail_3_226_5_1,alimentos,,dropdown,"Seleccione la especificación 3 de Pavo","1, crudo",,,,,,"[food_name] = '226' and [food_detail_1_226] = '5' and [food_detail_2_226_5] = '1'",,,,,,
food_detail_2_226_6,alimentos,,dropdown,"Seleccione la especificación 2 de Pavo","1, cruda | 2, horneada sin sal",,,,,,"[food_name] = '226' and [food_detail_1_226] = '6'",,,,,,
food_detail_2_226_7,alimentos,,dropdown,"Seleccione la especificación 2 de Pavo","1, cruda",,,,,,"[food_name] = '226' and [food_detail_1_226] = '7'",,,,,,
food_detail_1_227,alimentos,,dropdown,"Seleccione la especificación 1 de Pollo","1, ala con piel | 2, ala sin piel | 3, contramuslo con piel | 4, contramuslo sin piel | 5, corazón | 6, entero con piel | 7, hígado cocido | 8, hígado | 9, menudencias | 10, Menudencias | 11, molleja | 12, pechuga con piel | 13, pechuga sin piel | 14, pierna o colombina con piel | 15, pierna o colombina sin piel",,,,,,"[food_name] = '227'",,,,,,
food_detail_2_227_1,alimentos,,dropdown,"Seleccione la especificación 2 de Pollo","1, asada | 2, cocida | 3, cruda | 4, frita",,,,,,"[food_name] = '227' and [food_detail_1_227] = '1'",,,,,,
food_detail_3_227_1_1,alimentos,,dropdown,"Seleccione la especificación 3 de Pollo","1, sin sal",,,,,,"[food_name] = '227' and [food_detail_1_227] = '1' and [food_detail_2_227_1] = '1'",,,,,,
food_detail_3_227_1_2,alimentos,,dropdown,"Seleccione la especificación 3 de Pollo","1, sin sal",,,,,,"[food_name] = '227' and [food_detail_1_227] = '1' and [food_detail_2_227_1] = '2'",,,,,,
food_detail_3_227_1_4,alimentos,,dropdown,"Seleccione la especificación 3 de Pollo","1, con sal",,,,,,"[food_name] = '227' and [food_detail_1_227] = '1' and [food_detail_2_227_1] = '4'",,,,,,
food_detail_2_227_2,alimentos,,dropdown,"Seleccione la especificación 2 de Pollo","1, cocida",,,,,,"[food_name] = '227' and [food_detail_1_227] = '2'",,,,,,
food_detail_3_227_2_1,alimentos,,dropdown,"Seleccione la especificación 3 de Pollo","1, sin sal",,,,,,"[food_name] = '227' and [food_detail_1_227] = '2' and [food_detail_2_227_2] = '1'",,,,,,
food_detail_2_227_3,alimentos,,dropdown,"Seleccione la especificación 2 de Pollo","1, cocido | 2, crudo",,,,,,"[food_name] = '227' and [food_detail_1_227] = '3'",,,,,,
food_detail_3_227_3_1,alimentos,,dropdown,"Seleccione la especificación 3 de Pollo","1, sin sal",,,,,,"[food_name] = '227' and [food_detail_1_227] = '3' and [food_detail_2_227_3] = '1'",,,,,,
food_detail_2_227_4,alimentos,,dropdown,"Seleccione la especificación 2 de Pollo","1, cocido sin sal | 2, crudo",,,,,,"[food_name] = '227' and [food_detail_1_227] = '4'",,,,,,
food_detail_2_227_5,alimentos,,dropdown,"Seleccione la especificación 2 de Pollo","1, crudo",,,,,,"[food_name] = '227' and [food_detail_1_227] = '5'",,,,,,
food_detail_2_227_6,alimentos,,dropdown,"Seleccione la especificación 2 de Pollo","1, crudo",,,,,,"[food_name] = '227' and [food_detail_1_227] = '6'",,,,,,
food_detail_2_227_7,alimentos,,dropdown,"Seleccione la especificación 2 de Pollo","1, sin sal",,,,,,"[food_name] = '227' and [food_detail_1_227] = '7'",,,,,,
food_detail_2_227_8,alimentos,,dropdown,"Seleccione la especificación 2 de Pollo","1, crudo",,,,,,"[food_name] = '227' and [food_detail_1_227] = '8'",,,,,,
food_detail_2_227_9,alimentos,,dropdown,"Seleccione la especificación 2 de Pollo","1, cocidas sin sal",,,,,,"[food_name] = '227' and [food_detail_1_227] = '9'",,,,,,
food_detail_2_227_10,alimentos,,dropdown,"Seleccione la especificación 2 de Pollo","1, crudas",,,,,,"[food_name] = '227' and [food_detail_1_227] = '10'",,,,,,
food_detail_2_227_11,alimentos,,dropdown,"Seleccione la especificación 2 de Pollo","1, cocida sin sal | 2, cruda",,,,,,"[food_name] = '227' and [food_detail_1_227] = '11'",,,,,,
food_detail_2_227_12,alimentos,,dropdown,"Seleccione la especificación 2 de Pollo","1, cocida | 2, cruda",,,,,,"[food_name] = '227' and [food_detail_1_227] = '12'",,,,,,
food_detail_3_227_12_1,alimentos,,dropdown,"Seleccione la especificación 3 de Pollo","1, sin sal",,,,,,"[food_name] = '227' and [food_detail_1_227] = '12' and [food_detail_2_227_12] = '1'",,,,,,
food_detail_2_227_13,alimentos,,dropdown,"Seleccione la especificación 2 de Pollo","1, asada sin sal | 2, cocida | 3, frita sin sal",,,,,,"[food_name] = '227' and [food_detail_1_227] = '13'",,,,,,
food_detail_3_227_13_2,alimentos,,dropdown,"Seleccione la especificación 3 de Pollo","1, sin sal",,,,,,"[food_name] = '227' and [food_detail_1_227] = '13' and [food_detail_2_227_13] = '2'",,,,,,
food_detail_2_227_14,alimentos,,dropdown,"Seleccione la especificación 2 de Pollo","1, asada | 2, cocida | 3, cruda | 4, frita",,,,,,"[food_name] = '227' and [food_detail_1_227] = '14'",,,,,,
food_detail_3_227_14_1,alimentos,,dropdown,"Seleccione la especificación 3 de Pollo","1, sin sal",,,,,,"[food_name] = '227' and [food_detail_1_227] = '14' and [food_detail_2_227_14] = '1'",,,,,,
food_detail_3_227_14_2,alimentos,,dropdown,"Seleccione la especificación 3 de Pollo","1, sin sal",,,,,,"[food_name] = '227' and [food_detail_1_227] = '14' and [food_detail_2_227_14] = '2'",,,,,,
food_detail_3_227_14_4,alimentos,,dropdown,"Seleccione la especificación 3 de Pollo","1, sin sal",,,,,,"[food_name] = '227' and [food_detail_1_227] = '14' and [food_detail_2_227_14] = '4'",,,,,,
food_detail_2_227_15,alimentos,,dropdown,"Seleccione la especificación 2 de Pollo","1, cocida",,,,,,"[food_name] = '227' and [food_detail_1_227] = '15'",,,,,,
food_detail_3_227_15_1,alimentos,,dropdown,"Seleccione la especificación 3 de Pollo","1, sin sal",,,,,,"[food_name] = '227' and [food_detail_1_227] = '15' and [food_detail_2_227_15] = '1'",,,,,,
food_detail_1_228,alimentos,,dropdown,"Seleccione la especificación 1 de Res","1, carne gorda | 2, carne magra | 3, carne semigorda | 4, bofe o pulmón | 5, cadera | 6, callo o menudo | 7, chunchullo | 8, churrasco | 9, corazón | 10, costilla | 11, hígado | 12, hueso carnudo | 13, Lengua | 14, lomo | 15, pajarilla o bazo | 16, pajarrilla o bazo | 17, pata | 18, pierna | 19, riñón | 20, sesos | 21, sobrebarriga | 22, ubre",,,,,,"[food_name] = '228'",,,,,,
food_detail_2_228_1,alimentos,,dropdown,"Seleccione la especificación 2 de Res","1, cruda",,,,,,"[food_name] = '228' and [food_detail_1_228] = '1'",,,,,,
food_detail_2_228_2,alimentos,,dropdown,"Seleccione la especificación 2 de Res","1, cruda",,,,,,"[food_name] = '228' and [food_detail_1_228] = '2'",,,,,,
food_detail_2_228_3,alimentos,,dropdown,"Seleccione la especificación 2 de Res","1, cruda | 2, molida",,,,,,"[food_name] = '228' and [food_detail_1_228] = '3'",,,,,,
food_detail_3_228_3_2,alimentos,,dropdown,"Seleccione la especificación 3 de Res","1, cruda",,,,,,"[food_name] = '228' and [food_detail_1_228] = '3' and [food_detail_2_228_3] = '2'",,,,,,
food_detail_2_228_4,alimentos,,dropdown,"Seleccione la especificación 2 de Res","1, crudo",,,,,,"[food_name] = '228' and [food_detail_1_228] = '4'",,,,,,
food_detail_2_228_5,alimentos,,dropdown,"Seleccione la especificación 2 de Res","1, frita",,,,,,"[food_name] = '228' and [food_detail_1_228] = '5'",,,,,,
food_detail_3_228_5_1,alimentos,,dropdown,"Seleccione la especificación 3 de Res","1, sin sal",,,,,,"[food_name] = '228' and [food_detail_1_228] = '5' and [food_detail_2_228_5] = '1'",,,,,,
food_detail_2_228_6,alimentos,,dropdown,"Seleccione la especificación 2 de Res","1, cocido | 2, crudo",,,,,,"[food_name] = '228' and [food_detail_1_228] = '6'",,,,,,
food_detail_3_228_6_1,alimentos,,dropdown,"Seleccione la especificación 3 de Res","1, sin sal",,,,,,"[food_name] = '228' and [food_detail_1_228] = '6' and [food_detail_2_228_6] = '1'",,,,,,
food_detail_2_228_7,alimentos,,dropdown,"Seleccione la especificación 2 de Res","1, crudo | 2, dorado",,,,,,"[food_name] = '228' and [food_detail_1_228] = '7'",,,,,,
food_detail_3_228_7_2,alimentos,,dropdown,"Seleccione la especificación 3 de Res","1, sin sal",,,,,,"[food_name] = '228' and [food_detail_1_228] = '7' and [food_detail_2_228_7] = '2'",,,,,,
food_detail_2_228_8,alimentos,,dropdown,"Seleccione la especificación 2 de Res","1, asado",,,,,,"[food_name] = '228' and [food_detail_1_228] = '8'",,,,,,
food_detail_3_228_8_1,alimentos,,dropdown,"Seleccione la especificación 3 de Res","1, sin sal",,,,,,"[food_name] = '228' and [food_detail_1_228] = '8' and [food_detail_2_228_8] = '1'",,,,,,
food_detail_2_228_9,alimentos,,dropdown,"Seleccione la especificación 2 de Res","1, crudo | 2, dorado",,,,,,"[food_name] = '228' and [food_detail_1_228] = '9'",,,,,,
food_detail_3_228_9_2,alimentos,,dropdown,"Seleccione la especificación 3 de Res","1, sin sal",,,,,,"[food_name] = '228' and [food_detail_1_228] = '9' and [food_detail_2_228_9] = '2'",,,,,,
food_detail_2_228_10,alimentos,,dropdown,"Seleccione la especificación 2 de Res","1, cruda",,,,,,"[food_name] = '228' and [food_detail_1_228] = '10'",,,,,,
food_detail_2_228_11,alimentos,,dropdown,"Seleccione la especificación 2 de Res","1, asado | 2, crudo | 3, dorado | 4, frito",,,,,,"[food_name] = '228' and [food_detail_1_228] = '11'",,,,,,
food_detail_3_228_11_1,alimentos,,dropdown,"Seleccione la especificación 3 de Res","1, sin sal",,,,,,"[food_name] = '228' and [food_detail_1_228] = '11' and [food_detail_2_228_11] = '1'",,,,,,
food_detail_3_228_11_3,alimentos,,dropdown,"Seleccione la especificación 3 de Res","1, sin sal",,,,,,"[food_name] = '228' and [food_detail_1_228] = '11' and [food_detail_2_228_11] = '3'",,,,,,
food_detail_3_228_11_4,alimentos,,dropdown,"Seleccione la especificación 3 de Res","1, sin sal",,,,,,"[food_name] = '228' and [food_detail_1_228] = '11' and [food_detail_2_228_11] = '4'",,,,,,
food_detail_2_228_12,alimentos,,dropdown,"Seleccione la especificación 2 de Res","1, crudo",,,,,,"[food_name] = '228' and [food_detail_1_228] = '12'",,,,,,
food_detail_2_228_13,alimentos,,dropdown,"Seleccione la especificación 2 de Res","1, cruda",,,,,,"[food_name] = '228' and [food_detail_1_228] = '13'",,,,,,
food_detail_2_228_14,alimentos,,dropdown,"Seleccione la especificación 2 de Res","1, cocido",,,,,,"[food_name] = '228' and [food_detail_1_228] = '14'",,,,,,
food_detail_3_228_14_1,alimentos,,dropdown,"Seleccione la especificación 3 de Res","1, sin sal",,,,,,"[food_name] = '228' and [food_detail_1_228] = '14' and [food_detail_2_228_14] = '1'",,,,,,
food_detail_2_228_15,alimentos,,dropdown,"Seleccione la especificación 2 de Res","1, cruda",,,,,,"[food_name] = '228' and [food_detail_1_228] = '15'",,,,,,
food_detail_2_228_16,alimentos,,dropdown,"Seleccione la especificación 2 de Res","1, dorada",,,,,,"[food_name] = '228' and [food_detail_1_228] = '16'",,,,,,
food_detail_3_228_16_1,alimentos,,dropdown,"Seleccione la especificación 3 de Res","1, sin sal",,,,,,"[food_name] = '228' and [food_detail_1_228] = '16' and [food_detail_2_228_16] = '1'",,,,,,
food_detail_2_228_17,alimentos,,dropdown,"Seleccione la especificación 2 de Res","1, cruda",,,,,,"[food_name] = '228' and [food_detail_1_228] = '17'",,,,,,
food_detail_2_228_18,alimentos,,dropdown,"Seleccione la especificación 2 de Res","1, cruda",,,,,,"[food_name] = '228' and [food_detail_1_228] = '18'",,,,,,
food_detail_2_228_19,alimentos,,dropdown,"Seleccione la especificación 2 de Res","1, crudo | 2, dorado",,,,,,"[food_name] = '228' and [food_detail_1_228] = '19'",,,,,,
food_detail_3_228_19_2,alimentos,,dropdown,"Seleccione la especificación 3 de Res","1, sin sal",,,,,,"[food_name] = '228' and [food_detail_1_228] = '19' and [food_detail_2_228_19] = '2'",,,,,,
food_detail_2_228_20,alimentos,,dropdown,"Seleccione la especificación 2 de Res","1, cocidos | 2, crudos",,,,,,"[food_name] = '228' and [food_detail_1_228] = '20'",,,,,,
food_detail_3_228_20_1,alimentos,,dropdown,"Seleccione la especificación 3 de Res","1, sin sal",,,,,,"[food_name] = '228' and [food_detail_1_228] = '20' and [food_detail_2_228_20] = '1'",,,,,,
food_detail_2_228_21,alimentos,,dropdown,"Seleccione la especificación 2 de Res","1, cocida",,,,,,"[food_name] = '228' and [food_detail_1_228] = '21'",,,,,,
food_detail_3_228_21_1,alimentos,,dropdown,"Seleccione la especificación 3 de Res","1, sin sal",,,,,,"[food_name] = '228' and [food_detail_1_228] = '21' and [food_detail_2_228_21] = '1'",,,,,,
food_detail_2_228_22,alimentos,,dropdown,"Seleccione la especificación 2 de Res","1, cruda",,,,,,"[food_name] = '228' and [food_detail_1_228] = '22'",,,,,,
food_detail_1_229,alimentos,,dropdown,"Seleccione la especificación 1 de Salchicha de cerdo y res","1, precocida",,,,,,"[food_name] = '229'",,,,,,
food_detail_1_230,alimentos,,dropdown,"Seleccione la especificación 1 de Salchicha de cerdo","1, tipo frankfurt | 2, baja en grasa",,,,,,"[food_name] = '230'",,,,,,
food_detail_2_230_1,alimentos,,dropdown,"Seleccione la especificación 2 de Salchicha de cerdo","1, precocida",,,,,,"[food_name] = '230' and [food_detail_1_230] = '1'",,,,,,
food_detail_1_231,alimentos,,dropdown,"Seleccione la especificación 1 de Salchicha de pollo","1, precocida",,,,,,"[food_name] = '231'",,,,,,
food_detail_1_232,alimentos,,dropdown,"Seleccione la especificación 1 de Salchicha de ternera","1, precocida",,,,,,"[food_name] = '232'",,,,,,
food_detail_1_233,alimentos,,dropdown,"Seleccione la especificación 1 de Salchichón de cerdo y pollo","1, cervecero | 2, tradicional",,,,,,"[food_name] = '233'",,,,,,
food_detail_2_233_1,alimentos,,dropdown,"Seleccione la especificación 2 de Salchichón de cerdo y pollo","1, precocido",,,,,,"[food_name] = '233' and [food_detail_1_233] = '1'",,,,,,
food_detail_2_233_2,alimentos,,dropdown,"Seleccione la especificación 2 de Salchichón de cerdo y pollo","1, precocido",,,,,,"[food_name] = '233' and [food_detail_1_233] = '2'",,,,,,
food_detail_1_234,alimentos,,dropdown,"Seleccione la especificación 1 de Ternera","1, carne magra",,,,,,"[food_name] = '234'",,,,,,
food_detail_2_234_1,alimentos,,dropdown,"Seleccione la especificación 2 de Ternera","1, cruda",,,,,,"[food_name] = '234' and [food_detail_1_234] = '1'",,,,,,
food_detail_1_235,alimentos,,dropdown,"Seleccione la especificación 1 de Morcilla","1, zenu",,,,,,"[food_name] = '235'",,,,,,
food_detail_1_236,alimentos,,dropdown,"Seleccione la especificación 1 de Salchichas de pavo","1, Pietrán",,,,,,"[food_name] = '236'",,,,,,
food_detail_1_237,alimentos,,dropdown,"Seleccione la especificación 1 de Jamón de pavo","1, Pietrán",,,,,,"[food_name] = '237'",,,,,,
food_detail_1_238,alimentos,,dropdown,"Seleccione la especificación 1 de Salami de cerdo","1, Monticello",,,,,,"[food_name] = '238'",,,,,,
food_detail_1_239,alimentos,,dropdown,"Seleccione la especificación 1 de Aceituna","1, cruda | 2, encurtida",,,,,,"[food_name] = '239'",,,,,,
food_detail_1_240,alimentos,,dropdown,"Seleccione la especificación 1 de Acelga","1, hojas | 2, tallos",,,,,,"[food_name] = '240'",,,,,,
food_detail_2_240_1,alimentos,,dropdown,"Seleccione la especificación 2 de Acelga","1, cruda",,,,,,"[food_name] = '240' and [food_detail_1_240] = '1'",,,,,,
food_detail_2_240_2,alimentos,,dropdown,"Seleccione la especificación 2 de Acelga","1, cruda",,,,,,"[food_name] = '240' and [food_detail_1_240] = '2'",,,,,,
food_detail_1_241,alimentos,,dropdown,"Seleccione la especificación 1 de Ahuyama","1, cocida | 2, cruda",,,,,,"[food_name] = '241'",,,,,,
food_detail_2_241_1,alimentos,,dropdown,"Seleccione la especificación 2 de Ahuyama","1, sin sal",,,,,,"[food_name] = '241' and [food_detail_1_241] = '1'",,,,,,
food_detail_2_241_2,alimentos,,dropdown,"Seleccione la especificación 2 de Ahuyama","1, sin sal",,,,,,"[food_name] = '241' and [food_detail_1_241] = '2'",,,,,,
food_detail_1_243,alimentos,,dropdown,"Seleccione la especificación 1 de Ají","1, dulce | 2, rojo",,,,,,"[food_name] = '243'",,,,,,
food_detail_2_243_1,alimentos,,dropdown,"Seleccione la especificación 2 de Ají","1, crudo",,,,,,"[food_name] = '243' and [food_detail_1_243] = '1'",,,,,,
food_detail_2_243_2,alimentos,,dropdown,"Seleccione la especificación 2 de Ají","1, crudo",,,,,,"[food_name] = '243' and [food_detail_1_243] = '2'",,,,,,
food_detail_1_244,alimentos,,dropdown,"Seleccione la especificación 1 de Ajo","1, crudo",,,,,,"[food_name] = '244'",,,,,,
food_detail_1_245,alimentos,,dropdown,"Seleccione la especificación 1 de Alcachofa","1, cruda",,,,,,"[food_name] = '245'",,,,,,
food_detail_1_246,alimentos,,dropdown,"Seleccione la especificación 1 de Alcaparras","1, encurtidas",,,,,,"[food_name] = '246'",,,,,,
food_detail_1_247,alimentos,,dropdown,"Seleccione la especificación 1 de Apio","1, crudo",,,,,,"[food_name] = '247'",,,,,,
food_detail_1_248,alimentos,,dropdown,"Seleccione la especificación 1 de Berenjena","1, con cáscara",,,,,,"[food_name] = '248'",,,,,,
food_detail_2_248_1,alimentos,,dropdown,"Seleccione la especificación 2 de Berenjena","1, cocida | 2, cruda",,,,,,"[food_name] = '248' and [food_detail_1_248] = '1'",,,,,,
food_detail_3_248_1_1,alimentos,,dropdown,"Seleccione la especificación 3 de Berenjena","1, sin sal",,,,,,"[food_name] = '248' and [food_detail_1_248] = '1' and [food_detail_2_248_1] = '1'",,,,,,
food_detail_3_248_1_2,alimentos,,dropdown,"Seleccione la especificación 3 de Berenjena","1, sin sal",,,,,,"[food_name] = '248' and [food_detail_1_248] = '1' and [food_detail_2_248_1] = '2'",,,,,,
food_detail_1_249,alimentos,,dropdown,"Seleccione la especificación 1 de Berro","1, crudo",,,,,,"[food_name] = '249'",,,,,,
food_detail_1_250,alimentos,,dropdown,"Seleccione la especificación 1 de Brócoli","1, crudo",,,,,,"[food_name] = '250'",,,,,,
food_detail_1_251,alimentos,,dropdown,"Seleccione la especificación 1 de Calabaza","1, sin cáscara",,,,,,"[food_name] = '251'",,,,,,
food_detail_2_251_1,alimentos,,dropdown,"Seleccione la especificación 2 de Calabaza","1, cruda",,,,,,"[food_name] = '251' and [food_detail_1_251] = '1'",,,,,,
food_detail_1_252,alimentos,,dropdown,"Seleccione la especificación 1 de Cebolla cabezona","1, cruda",,,,,,"[food_name] = '252'",,,,,,
food_detail_1_253,alimentos,,dropdown,"Seleccione la especificación 1 de Cebolla junca","1, hojas | 2, tallos",,,,,,"[food_name] = '253'",,,,,,
food_detail_2_253_1,alimentos,,dropdown,"Seleccione la especificación 2 de Cebolla junca","1, cruda",,,,,,"[food_name] = '253' and [food_detail_1_253] = '1'",,,,,,
food_detail_2_253_2,alimentos,,dropdown,"Seleccione la especificación 2 de Cebolla junca","1, cruda",,,,,,"[food_name] = '253' and [food_detail_1_253] = '2'",,,,,,
food_detail_1_254,alimentos,,dropdown,"Seleccione la especificación 1 de Cebolla puerro","1, cruda",,,,,,"[food_name] = '254'",,,,,,
food_detail_1_255,alimentos,,dropdown,"Seleccione la especificación 1 de Cebolla","1, deshidratada | 2, pasta escaldada",,,,,,"[food_name] = '255'",,,,,,
food_detail_1_256,alimentos,,dropdown,"Seleccione la especificación 1 de Champiñón","1, crudo | 2, en conserva",,,,,,"[food_name] = '256'",,,,,,
food_detail_1_257,alimentos,,dropdown,"Seleccione la especificación 1 de Cilantro","1, crudo",,,,,,"[food_name] = '257'",,,,,,
food_detail_1_258,alimentos,,dropdown,"Seleccione la especificación 1 de Col o repollitas de bruselas","1, cruda",,,,,,"[food_name] = '258'",,,,,,
food_detail_1_259,alimentos,,dropdown,"Seleccione la especificación 1 de Col silvestre","1, cruda",,,,,,"[food_name] = '259'",,,,,,
food_detail_1_260,alimentos,,dropdown,"Seleccione la especificación 1 de Coliflor","1, cocido | 2, crudo",,,,,,"[food_name] = '260'",,,,,,
food_detail_2_260_1,alimentos,,dropdown,"Seleccione la especificación 2 de Coliflor","1, sin sal",,,,,,"[food_name] = '260' and [food_detail_1_260] = '1'",,,,,,
food_detail_2_260_2,alimentos,,dropdown,"Seleccione la especificación 2 de Coliflor","1, sin sal",,,,,,"[food_name] = '260' and [food_detail_1_260] = '2'",,,,,,
food_detail_1_261,alimentos,,dropdown,"Seleccione la especificación 1 de Colinabo","1, sin cáscara",,,,,,"[food_name] = '261'",,,,,,
food_detail_2_261_1,alimentos,,dropdown,"Seleccione la especificación 2 de Colinabo","1, crudo",,,,,,"[food_name] = '261' and [food_detail_1_261] = '1'",,,,,,
food_detail_1_262,alimentos,,dropdown,"Seleccione la especificación 1 de Espárrago","1, cocido | 2, crudo",,,,,,"[food_name] = '262'",,,,,,
food_detail_2_262_1,alimentos,,dropdown,"Seleccione la especificación 2 de Espárrago","1, sin sal",,,,,,"[food_name] = '262' and [food_detail_1_262] = '1'",,,,,,
food_detail_2_262_2,alimentos,,dropdown,"Seleccione la especificación 2 de Espárrago","1, sin sal",,,,,,"[food_name] = '262' and [food_detail_1_262] = '2'",,,,,,
food_detail_1_263,alimentos,,dropdown,"Seleccione la especificación 1 de Espinaca","1, cocida | 2, cruda",,,,,,"[food_name] = '263'",,,,,,
food_detail_2_263_1,alimentos,,dropdown,"Seleccione la especificación 2 de Espinaca","1, sin sal",,,,,,"[food_name] = '263' and [food_detail_1_263] = '1'",,,,,,
food_detail_2_263_2,alimentos,,dropdown,"Seleccione la especificación 2 de Espinaca","1, sin sal",,,,,,"[food_name] = '263' and [food_detail_1_263] = '2'",,,,,,
food_detail_1_264,alimentos,,dropdown,"Seleccione la especificación 1 de Guascas","1, crudas",,,,,,"[food_name] = '264'",,,,,,
food_detail_1_265,alimentos,,dropdown,"Seleccione la especificación 1 de Guatila","1, sin cáscara",,,,,,"[food_name] = '265'",,,,,,
food_detail_2_265_1,alimentos,,dropdown,"Seleccione la especificación 2 de Guatila","1, cruda",,,,,,"[food_name] = '265' and [food_detail_1_265] = '1'",,,,,,
food_detail_1_266,alimentos,,dropdown,"Seleccione la especificación 1 de Harina de Ahuyama","1, cruda",,,,,,"[food_name] = '266'",,,,,,
food_detail_1_267,alimentos,,dropdown,"Seleccione la especificación 1 de Lechuga común","1, cruda",,,,,,"[food_name] = '267'",,,,,,
food_detail_1_268,alimentos,,dropdown,"Seleccione la especificación 1 de Lechuga","1, romana",,,,,,"[food_name] = '268'",,,,,,
food_detail_2_268_1,alimentos,,dropdown,"Seleccione la especificación 2 de Lechuga","1, cruda",,,,,,"[food_name] = '268' and [food_detail_1_268] = '1'",,,,,,
food_detail_1_269,alimentos,,dropdown,"Seleccione la especificación 1 de Nabo","1, sin cáscara",,,,,,"[food_name] = '269'",,,,,,
food_detail_2_269_1,alimentos,,dropdown,"Seleccione la especificación 2 de Nabo","1, crudo",,,,,,"[food_name] = '269' and [food_detail_1_269] = '1'",,,,,,
food_detail_1_270,alimentos,,dropdown,"Seleccione la especificación 1 de Ocra","1, cruda",,,,,,"[food_name] = '270'",,,,,,
food_detail_1_271,alimentos,,dropdown,"Seleccione la especificación 1 de Palmito","1, crudo",,,,,,"[food_name] = '271'",,,,,,
food_detail_1_272,alimentos,,dropdown,"Seleccione la especificación 1 de Pepino Cohombro","1, crudo",,,,,,"[food_name] = '272'",,,,,,
food_detail_1_273,alimentos,,dropdown,"Seleccione la especificación 1 de Pepino de rellenar","1, crudo",,,,,,"[food_name] = '273'",,,,,,
food_detail_1_274,alimentos,,dropdown,"Seleccione la especificación 1 de Perejil","1, crudo",,,,,,"[food_name] = '274'",,,,,,
food_detail_1_275,alimentos,,dropdown,"Seleccione la especificación 1 de Pimentón rojo","1, crudo",,,,,,"[food_name] = '275'",,,,,,
food_detail_1_276,alimentos,,dropdown,"Seleccione la especificación 1 de Pimentón verde","1, crudo",,,,,,"[food_name] = '276'",,,,,,
food_detail_1_277,alimentos,,dropdown,"Seleccione la especificación 1 de Rábano","1, sin cáscara",,,,,,"[food_name] = '277'",,,,,,
food_detail_2_277_1,alimentos,,dropdown,"Seleccione la especificación 2 de Rábano","1, crudo",,,,,,"[food_name] = '277' and [food_detail_1_277] = '1'",,,,,,
food_detail_1_278,alimentos,,dropdown,"Seleccione la especificación 1 de Remolacha","1, sin cáscara",,,,,,"[food_name] = '278'",,,,,,
food_detail_2_278_1,alimentos,,dropdown,"Seleccione la especificación 2 de Remolacha","1, cocida | 2, cruda",,,,,,"[food_name] = '278' and [food_detail_1_278] = '1'",,,,,,
food_detail_3_278_1_1,alimentos,,dropdown,"Seleccione la especificación 3 de Remolacha","1, sin sal",,,,,,"[food_name] = '278' and [food_detail_1_278] = '1' and [food_detail_2_278_1] = '1'",,,,,,
food_detail_1_279,alimentos,,dropdown,"Seleccione la especificación 1 de Repollo blanco","1, crudo",,,,,,"[food_name] = '279'",,,,,,
food_detail_1_280,alimentos,,dropdown,"Seleccione la especificación 1 de Repollo morado","1, cocido | 2, crudo",,,,,,"[food_name] = '280'",,,,,,
food_detail_2_280_1,alimentos,,dropdown,"Seleccione la especificación 2 de Repollo morado","1, sin sal",,,,,,"[food_name] = '280' and [food_detail_1_280] = '1'",,,,,,
food_detail_1_281,alimentos,,dropdown,"Seleccione la especificación 1 de Salsifí","1, sin cáscara crudo",,,,,,"[food_name] = '281'",,,,,,
food_detail_1_282,alimentos,,dropdown,"Seleccione la especificación 1 de Tomate","1, crudo | 2, escaldado | 3, extracto",,,,,,"[food_name] = '282'",,,,,,
food_detail_2_282_1,alimentos,,dropdown,"Seleccione la especificación 2 de Tomate","1, en cascos",,,,,,"[food_name] = '282' and [food_detail_1_282] = '1'",,,,,,
food_detail_2_282_2,alimentos,,dropdown,"Seleccione la especificación 2 de Tomate","1, sin sal",,,,,,"[food_name] = '282' and [food_detail_1_282] = '2'",,,,,,
food_detail_2_282_3,alimentos,,dropdown,"Seleccione la especificación 2 de Tomate","1, fresco",,,,,,"[food_name] = '282' and [food_detail_1_282] = '3'",,,,,,
food_detail_1_283,alimentos,,dropdown,"Seleccione la especificación 1 de Zanahoria","1, sin cáscara | 2, rallada",,,,,,"[food_name] = '283'",,,,,,
food_detail_2_283_1,alimentos,,dropdown,"Seleccione la especificación 2 de Zanahoria","1, cocida sin sal | 2, cruda",,,,,,"[food_name] = '283' and [food_detail_1_283] = '1'",,,,,,
food_detail_1_284,alimentos,,dropdown,"Seleccione la especificación 1 de Zapallo","1, crudo",,,,,,"[food_name] = '284'",,,,,,
food_detail_1_285,alimentos,,dropdown,"Seleccione la especificación 1 de Aloe vera","1, crudo",,,,,,"[food_name] = '285'",,,,,,
food_detail_1_286,alimentos,,dropdown,"Seleccione la especificación 1 de Aguacate Hass","1, Crudo",,,,,,"[food_name] = '286'",,,,,,
food_detail_1_287,alimentos,,dropdown,"Seleccione la especificación 1 de Aguacate Lorena","1, crudo",,,,,,"[food_name] = '287'",,,,,,
food_detail_1_288,alimentos,,dropdown,"Seleccione la especificación 1 de Anón","1, crudo",,,,,,"[food_name] = '288'",,,,,,
food_detail_1_289,alimentos,,dropdown,"Seleccione la especificación 1 de Babaco","1, maduro | 2, pintón | 3, verde",,,,,,"[food_name] = '289'",,,,,,
food_detail_2_289_1,alimentos,,dropdown,"Seleccione la especificación 2 de Babaco","1, crudo",,,,,,"[food_name] = '289' and [food_detail_1_289] = '1'",,,,,,
food_detail_2_289_2,alimentos,,dropdown,"Seleccione la especificación 2 de Babaco","1, crudo",,,,,,"[food_name] = '289' and [food_detail_1_289] = '2'",,,,,,
food_detail_2_289_3,alimentos,,dropdown,"Seleccione la especificación 2 de Babaco","1, crudo",,,,,,"[food_name] = '289' and [food_detail_1_289] = '3'",,,,,,
food_detail_1_290,alimentos,,dropdown,"Seleccione la especificación 1 de Badea","1, cruda",,,,,,"[food_name] = '290'",,,,,,
food_detail_1_291,alimentos,,dropdown,"Seleccione la especificación 1 de Banano bocadillo","1, crudo",,,,,,"[food_name] = '291'",,,,,,
food_detail_1_292,alimentos,,dropdown,"Seleccione la especificación 1 de Banano común","1, crudo",,,,,,"[food_name] = '292'",,,,,,
food_detail_1_293,alimentos,,dropdown,"Seleccione la especificación 1 de Banano manzano","1, crudo",,,,,,"[food_name] = '293'",,,,,,
food_detail_1_294,alimentos,,dropdown,"Seleccione la especificación 1 de Breva","1, madura | 2, verde",,,,,,"[food_name] = '294'",,,,,,
food_detail_2_294_1,alimentos,,dropdown,"Seleccione la especificación 2 de Breva","1, cruda",,,,,,"[food_name] = '294' and [food_detail_1_294] = '1'",,,,,,
food_detail_2_294_2,alimentos,,dropdown,"Seleccione la especificación 2 de Breva","1, cruda",,,,,,"[food_name] = '294' and [food_detail_1_294] = '2'",,,,,,
food_detail_1_295,alimentos,,dropdown,"Seleccione la especificación 1 de Cereza","1, cruda",,,,,,"[food_name] = '295'",,,,,,
food_detail_1_296,alimentos,,dropdown,"Seleccione la especificación 1 de Chirimoya","1, cruda",,,,,,"[food_name] = '296'",,,,,,
food_detail_1_297,alimentos,,dropdown,"Seleccione la especificación 1 de Chontaduro","1, crudo",,,,,,"[food_name] = '297'",,,,,,
food_detail_1_298,alimentos,,dropdown,"Seleccione la especificación 1 de Ciruela","1, común",,,,,,"[food_name] = '298'",,,,,,
food_detail_2_298_1,alimentos,,dropdown,"Seleccione la especificación 2 de Ciruela","1, cruda",,,,,,"[food_name] = '298' and [food_detail_1_298] = '1'",,,,,,
food_detail_1_299,alimentos,,dropdown,"Seleccione la especificación 1 de Citrón","1, crudo",,,,,,"[food_name] = '299'",,,,,,
food_detail_1_300,alimentos,,dropdown,"Seleccione la especificación 1 de Coco","1, crudo | 2, Deshidratado",,,,,,"[food_name] = '300'",,,,,,
food_detail_2_300_1,alimentos,,dropdown,"Seleccione la especificación 2 de Coco","1, rallado",,,,,,"[food_name] = '300' and [food_detail_1_300] = '1'",,,,,,
food_detail_1_301,alimentos,,dropdown,"Seleccione la especificación 1 de Curuba","1, cruda",,,,,,"[food_name] = '301'",,,,,,
food_detail_1_302,alimentos,,dropdown,"Seleccione la especificación 1 de Dátil","1, seco",,,,,,"[food_name] = '302'",,,,,,
food_detail_1_303,alimentos,,dropdown,"Seleccione la especificación 1 de Durazno","1, crudo",,,,,,"[food_name] = '303'",,,,,,
food_detail_1_304,alimentos,,dropdown,"Seleccione la especificación 1 de Feijoa","1, crudo",,,,,,"[food_name] = '304'",,,,,,
food_detail_1_305,alimentos,,dropdown,"Seleccione la especificación 1 de Fresa","1, madura | 2, pintona",,,,,,"[food_name] = '305'",,,,,,
food_detail_2_305_1,alimentos,,dropdown,"Seleccione la especificación 2 de Fresa","1, cruda",,,,,,"[food_name] = '305' and [food_detail_1_305] = '1'",,,,,,
food_detail_2_305_2,alimentos,,dropdown,"Seleccione la especificación 2 de Fresa","1, cruda",,,,,,"[food_name] = '305' and [food_detail_1_305] = '2'",,,,,,
food_detail_1_306,alimentos,,dropdown,"Seleccione la especificación 1 de Granada","1, cruda",,,,,,"[food_name] = '306'",,,,,,
food_detail_1_307,alimentos,,dropdown,"Seleccione la especificación 1 de Granadilla","1, cruda",,,,,,"[food_name] = '307'",,,,,,
food_detail_1_308,alimentos,,dropdown,"Seleccione la especificación 1 de Guama","1, cruda",,,,,,"[food_name] = '308'",,,,,,
food_detail_1_309,alimentos,,dropdown,"Seleccione la especificación 1 de Guanábana","1, cruda",,,,,,"[food_name] = '309'",,,,,,
food_detail_1_310,alimentos,,dropdown,"Seleccione la especificación 1 de Guayaba","1, madura | 2, pintona",,,,,,"[food_name] = '310'",,,,,,
food_detail_2_310_1,alimentos,,dropdown,"Seleccione la especificación 2 de Guayaba","1, cruda",,,,,,"[food_name] = '310' and [food_detail_1_310] = '1'",,,,,,
food_detail_2_310_2,alimentos,,dropdown,"Seleccione la especificación 2 de Guayaba","1, cruda",,,,,,"[food_name] = '310' and [food_detail_1_310] = '2'",,,,,,
food_detail_1_311,alimentos,,dropdown,"Seleccione la especificación 1 de Gulupa","1, madura | 2, pintona | 3, verde",,,,,,"[food_name] = '311'",,,,,,
food_detail_2_311_1,alimentos,,dropdown,"Seleccione la especificación 2 de Gulupa","1, cruda",,,,,,"[food_name] = '311' and [food_detail_1_311] = '1'",,,,,,
food_detail_2_311_2,alimentos,,dropdown,"Seleccione la especificación 2 de Gulupa","1, cruda",,,,,,"[food_name] = '311' and [food_detail_1_311] = '2'",,,,,,
food_detail_2_311_3,alimentos,,dropdown,"Seleccione la especificación 2 de Gulupa","1, cruda",,,,,,"[food_name] = '311' and [food_detail_1_311] = '3'",,,,,,
food_detail_1_312,alimentos,,dropdown,"Seleccione la especificación 1 de Harina de banano","1, cruda",,,,,,"[food_name] = '312'",,,,,,
food_detail_1_313,alimentos,,dropdown,"Seleccione la especificación 1 de Harina de chontaduro","1, cruda",,,,,,"[food_name] = '313'",,,,,,
food_detail_1_314,alimentos,,dropdown,"Seleccione la especificación 1 de Higo","1, maduro | 2, pintón | 3, verde",,,,,,"[food_name] = '314'",,,,,,
food_detail_2_314_1,alimentos,,dropdown,"Seleccione la especificación 2 de Higo","1, crudo",,,,,,"[food_name] = '314' and [food_detail_1_314] = '1'",,,,,,
food_detail_2_314_2,alimentos,,dropdown,"Seleccione la especificación 2 de Higo","1, crudo",,,,,,"[food_name] = '314' and [food_detail_1_314] = '2'",,,,,,
food_detail_2_314_3,alimentos,,dropdown,"Seleccione la especificación 2 de Higo","1, crudo",,,,,,"[food_name] = '314' and [food_detail_1_314] = '3'",,,,,,
food_detail_1_315,alimentos,,dropdown,"Seleccione la especificación 1 de Icaco","1, crudo",,,,,,"[food_name] = '315'",,,,,,
food_detail_1_316,alimentos,,dropdown,"Seleccione la especificación 1 de Kiwi","1, crudo",,,,,,"[food_name] = '316'",,,,,,
food_detail_1_317,alimentos,,dropdown,"Seleccione la especificación 1 de Lima","1, cruda",,,,,,"[food_name] = '317'",,,,,,
food_detail_1_318,alimentos,,dropdown,"Seleccione la especificación 1 de Limón","1, crudo",,,,,,"[food_name] = '318'",,,,,,
food_detail_1_319,alimentos,,dropdown,"Seleccione la especificación 1 de Lulo","1, crudo",,,,,,"[food_name] = '319'",,,,,,
food_detail_1_320,alimentos,,dropdown,"Seleccione la especificación 1 de Madroño","1, crudo",,,,,,"[food_name] = '320'",,,,,,
food_detail_1_321,alimentos,,dropdown,"Seleccione la especificación 1 de Mamey","1, crudo",,,,,,"[food_name] = '321'",,,,,,
food_detail_1_322,alimentos,,dropdown,"Seleccione la especificación 1 de Mamoncillo","1, crudo",,,,,,"[food_name] = '322'",,,,,,
food_detail_1_323,alimentos,,dropdown,"Seleccione la especificación 1 de Mandarina","1, cruda",,,,,,"[food_name] = '323'",,,,,,
food_detail_1_324,alimentos,,dropdown,"Seleccione la especificación 1 de Mango común","1, crudo",,,,,,"[food_name] = '324'",,,,,,
food_detail_1_325,alimentos,,dropdown,"Seleccione la especificación 1 de Mango Tommy Atkins","1, crudo",,,,,,"[food_name] = '325'",,,,,,
food_detail_1_326,alimentos,,dropdown,"Seleccione la especificación 1 de Mangostino","1, crudo",,,,,,"[food_name] = '326'",,,,,,
food_detail_1_328,alimentos,,dropdown,"Seleccione la especificación 1 de Manzana de agua","1, cruda",,,,,,"[food_name] = '328'",,,,,,
food_detail_1_329,alimentos,,dropdown,"Seleccione la especificación 1 de Maracuyá","1, cruda",,,,,,"[food_name] = '329'",,,,,,
food_detail_1_330,alimentos,,dropdown,"Seleccione la especificación 1 de Melón","1, crudo",,,,,,"[food_name] = '330'",,,,,,
food_detail_1_331,alimentos,,dropdown,"Seleccione la especificación 1 de Mora de castilla","1, cruda",,,,,,"[food_name] = '331'",,,,,,
food_detail_1_332,alimentos,,dropdown,"Seleccione la especificación 1 de Naranja","1, cruda",,,,,,"[food_name] = '332'",,,,,,
food_detail_1_333,alimentos,,dropdown,"Seleccione la especificación 1 de Noni","1, crudo",,,,,,"[food_name] = '333'",,,,,,
food_detail_1_334,alimentos,,dropdown,"Seleccione la especificación 1 de Papaya","1, madura | 2, pintona",,,,,,"[food_name] = '334'",,,,,,
food_detail_2_334_1,alimentos,,dropdown,"Seleccione la especificación 2 de Papaya","1, cruda",,,,,,"[food_name] = '334' and [food_detail_1_334] = '1'",,,,,,
food_detail_2_334_2,alimentos,,dropdown,"Seleccione la especificación 2 de Papaya","1, cruda",,,,,,"[food_name] = '334' and [food_detail_1_334] = '2'",,,,,,
food_detail_1_335,alimentos,,dropdown,"Seleccione la especificación 1 de Papayuela","1, cruda",,,,,,"[food_name] = '335'",,,,,,
food_detail_1_336,alimentos,,dropdown,"Seleccione la especificación 1 de Pepino dulce","1, maduro | 2, pintón | 3, verde",,,,,,"[food_name] = '336'",,,,,,
food_detail_2_336_1,alimentos,,dropdown,"Seleccione la especificación 2 de Pepino dulce","1, crudo",,,,,,"[food_name] = '336' and [food_detail_1_336] = '1'",,,,,,
food_detail_2_336_2,alimentos,,dropdown,"Seleccione la especificación 2 de Pepino dulce","1, crudo",,,,,,"[food_name] = '336' and [food_detail_1_336] = '2'",,,,,,
food_detail_2_336_3,alimentos,,dropdown,"Seleccione la especificación 2 de Pepino dulce","1, crudo",,,,,,"[food_name] = '336' and [food_detail_1_336] = '3'",,,,,,
food_detail_1_337,alimentos,,dropdown,"Seleccione la especificación 1 de Pera","1, cruda",,,,,,"[food_name] = '337'",,,,,,
food_detail_1_338,alimentos,,dropdown,"Seleccione la especificación 1 de Piña","1, cruda",,,,,,"[food_name] = '338'",,,,,,
food_detail_1_339,alimentos,,dropdown,"Seleccione la especificación 1 de Piñuela","1, cruda",,,,,,"[food_name] = '339'",,,,,,
food_detail_1_340,alimentos,,dropdown,"Seleccione la especificación 1 de Pitahaya amarilla","1, cruda",,,,,,"[food_name] = '340'",,,,,,
food_detail_1_341,alimentos,,dropdown,"Seleccione la especificación 1 de Pitahaya roja","1, cruda",,,,,,"[food_name] = '341'",,,,,,
food_detail_1_342,alimentos,,dropdown,"Seleccione la especificación 1 de Pomarrosa","1, cruda",,,,,,"[food_name] = '342'",,,,,,
food_detail_1_343,alimentos,,dropdown,"Seleccione la especificación 1 de Ruibarbo","1, crudo",,,,,,"[food_name] = '343'",,,,,,
food_detail_1_344,alimentos,,dropdown,"Seleccione la especificación 1 de Sandía","1, cruda",,,,,,"[food_name] = '344'",,,,,,
food_detail_1_345,alimentos,,dropdown,"Seleccione la especificación 1 de Tamarindo","1, crudo",,,,,,"[food_name] = '345'",,,,,,
food_detail_1_346,alimentos,,dropdown,"Seleccione la especificación 1 de Tomate de árbol amarillo","1, crudo",,,,,,"[food_name] = '346'",,,,,,
food_detail_1_347,alimentos,,dropdown,"Seleccione la especificación 1 de Tomate de árbol rojo","1, crudo",,,,,,"[food_name] = '347'",,,,,,
food_detail_1_348,alimentos,,dropdown,"Seleccione la especificación 1 de Toronja","1, cruda",,,,,,"[food_name] = '348'",,,,,,
food_detail_1_349,alimentos,,dropdown,"Seleccione la especificación 1 de Uchuva","1, cruda | 2, en almíbar",,,,,,"[food_name] = '349'",,,,,,
food_detail_1_350,alimentos,,dropdown,"Seleccione la especificación 1 de Uva blanca","1, cruda",,,,,,"[food_name] = '350'",,,,,,
food_detail_1_351,alimentos,,dropdown,"Seleccione la especificación 1 de Uva Isabella","1, cruda",,,,,,"[food_name] = '351'",,,,,,
food_detail_1_352,alimentos,,dropdown,"Seleccione la especificación 1 de Uva","1, deshidratada",,,,,,"[food_name] = '352'",,,,,,
food_detail_1_353,alimentos,,dropdown,"Seleccione la especificación 1 de Zapote blanco","1, crudo",,,,,,"[food_name] = '353'",,,,,,
food_detail_1_354,alimentos,,dropdown,"Seleccione la especificación 1 de Zapote común","1, crudo",,,,,,"[food_name] = '354'",,,,,,
food_detail_1_367,alimentos,,dropdown,"Seleccione la especificación 1 de Aceite","1, mezcla vegetal",,,,,,"[food_name] = '367'",,,,,,
food_detail_1_371,alimentos,,dropdown,"Seleccione la especificación 1 de Margarina","1, con sal | 2, esparcible | 3, baja en calorías",,,,,,"[food_name] = '371'",,,,,,
food_detail_2_371_3,alimentos,,dropdown,"Seleccione la especificación 2 de Margarina","1, esparcible",,,,,,"[food_name] = '371' and [food_detail_1_371] = '3'",,,,,,
food_detail_1_372,alimentos,,dropdown,"Seleccione la especificación 1 de Mayonesa","1, con sal | 2, baja en grasa",,,,,,"[food_name] = '372'",,,,,,
food_detail_1_375,alimentos,,dropdown,"Seleccione la especificación 1 de Azúcar blanco","1, granulado",,,,,,"[food_name] = '375'",,,,,,
food_detail_1_376,alimentos,,dropdown,"Seleccione la especificación 1 de Azúcar morena","1, granulado",,,,,,"[food_name] = '376'",,,,,,
food_detail_1_377,alimentos,,dropdown,"Seleccione la especificación 1 de Bocadillo o dulce de guayaba","1, tradicional | 2, veleño",,,,,,"[food_name] = '377'",,,,,,
food_detail_1_378,alimentos,,dropdown,"Seleccione la especificación 1 de Caramelos o confites","1, blandos | 2, duros",,,,,,"[food_name] = '378'",,,,,,
food_detail_1_379,alimentos,,dropdown,"Seleccione la especificación 1 de Chocolatina","1, o chocolate de leche | 2, blanca Jet",,,,,,"[food_name] = '379'",,,,,,
food_detail_2_379_2,alimentos,,dropdown,"Seleccione la especificación 2 de Chocolatina","1, cookies and cream",,,,,,"[food_name] = '379' and [food_detail_1_379] = '2'",,,,,,
food_detail_1_380,alimentos,,dropdown,"Seleccione la especificación 1 de Chucula o chocolate","1, en bolas",,,,,,"[food_name] = '380'",,,,,,
food_detail_2_380_1,alimentos,,dropdown,"Seleccione la especificación 2 de Chucula o chocolate","1, con harina de cereales y leguminosas",,,,,,"[food_name] = '380' and [food_detail_1_380] = '1'",,,,,,
food_detail_1_381,alimentos,,dropdown,"Seleccione la especificación 1 de Cocadas","1, con panela",,,,,,"[food_name] = '381'",,,,,,
food_detail_1_382,alimentos,,dropdown,"Seleccione la especificación 1 de Dulce de coco","1, con almendras",,,,,,"[food_name] = '382'",,,,,,
food_detail_1_383,alimentos,,dropdown,"Seleccione la especificación 1 de Dulce de jengibre","1, cristalizado",,,,,,"[food_name] = '383'",,,,,,
food_detail_1_385,alimentos,,dropdown,"Seleccione la especificación 1 de Gelatina con azúcar","1, en polvo | 2, líquida",,,,,,"[food_name] = '385'",,,,,,
food_detail_1_386,alimentos,,dropdown,"Seleccione la especificación 1 de Gelatina Boggy","1, Alpina",,,,,,"[food_name] = '386'",,,,,,
food_detail_2_386_1,alimentos,,dropdown,"Seleccione la especificación 2 de Gelatina Boggy","1, mora | 2, fresa",,,,,,"[food_name] = '386' and [food_detail_1_386] = '1'",,,,,,
food_detail_1_388,alimentos,,dropdown,"Seleccione la especificación 1 de Goma de mascar","1, con azúcar",,,,,,"[food_name] = '388'",,,,,,
food_detail_1_389,alimentos,,dropdown,"Seleccione la especificación 1 de Helados de agua","1, con azúcar",,,,,,"[food_name] = '389'",,,,,,
food_detail_1_395,alimentos,,dropdown,"Seleccione la especificación 1 de Melocotón","1, en almibar",,,,,,"[food_name] = '395'",,,,,,
food_detail_1_396,alimentos,,dropdown,"Seleccione la especificación 1 de Mermelada","1, regular | 2, baja en calorías",,,,,,"[food_name] = '396'",,,,,,
food_detail_2_396_1,alimentos,,dropdown,"Seleccione la especificación 2 de Mermelada","1, con azúcar",,,,,,"[food_name] = '396' and [food_detail_1_396] = '1'",,,,,,
food_detail_1_397,alimentos,,dropdown,"Seleccione la especificación 1 de Miel de abejas","1, líquida",,,,,,"[food_name] = '397'",,,,,,
food_detail_1_398,alimentos,,dropdown,"Seleccione la especificación 1 de Miel de caña de azúcar","1, líquida",,,,,,"[food_name] = '398'",,,,,,
food_detail_1_400,alimentos,,dropdown,"Seleccione la especificación 1 de Panelita de leche de vaca","1, con azúcar",,,,,,"[food_name] = '400'",,,,,,
food_detail_1_403,alimentos,,dropdown,"Seleccione la especificación 1 de Colombina","1, Bon Bon Bum",,,,,,"[food_name] = '403'",,,,,,
food_detail_2_403_1,alimentos,,dropdown,"Seleccione la especificación 2 de Colombina","1, fresa | 2, fresa intesa | 3, mandarina | 4, lulo",,,,,,"[food_name] = '403' and [food_detail_1_403] = '1'",,,,,,
food_detail_1_404,alimentos,,dropdown,"Seleccione la especificación 1 de Turrón","1, SuperCoco",,,,,,"[food_name] = '404'",,,,,,
food_detail_1_405,alimentos,,dropdown,"Seleccione la especificación 1 de Nerds","1, fresa y uva",,,,,,"[food_name] = '405'",,,,,,
food_detail_1_407,alimentos,,dropdown,"Seleccione la especificación 1 de Arequipe","1, Alpina",,,,,,"[food_name] = '407'",,,,,,
food_detail_1_408,alimentos,,dropdown,"Seleccione la especificación 1 de Bocadillo","1, La Delicia",,,,,,"[food_name] = '408'",,,,,,
food_detail_2_408_1,alimentos,,dropdown,"Seleccione la especificación 2 de Bocadillo","1, con arequipe",,,,,,"[food_name] = '408' and [food_detail_1_408] = '1'",,,,,,
food_detail_1_409,alimentos,,dropdown,"Seleccione la especificación 1 de Merengue","1, Vitad Merengues",,,,,,"[food_name] = '409'",,,,,,
food_detail_1_410,alimentos,,dropdown,"Seleccione la especificación 1 de Dulce masticable","1, Barrilete",,,,,,"[food_name] = '410'",,,,,,
food_detail_1_411,alimentos,,dropdown,"Seleccione la especificación 1 de Gomitas","1, Melositas | 2, Trululu | 3, Grissly Colombina",,,,,,"[food_name] = '411'",,,,,,
food_detail_2_411_1,alimentos,,dropdown,"Seleccione la especificación 2 de Gomitas","1, mora",,,,,,"[food_name] = '411' and [food_detail_1_411] = '1'",,,,,,
food_detail_2_411_2,alimentos,,dropdown,"Seleccione la especificación 2 de Gomitas","1, Gusanos Ácidos | 2, Aros | 3, Fresitas | 4, Piramidal",,,,,,"[food_name] = '411' and [food_detail_1_411] = '2'",,,,,,
food_detail_2_411_3,alimentos,,dropdown,"Seleccione la especificación 2 de Gomitas","1, osos",,,,,,"[food_name] = '411' and [food_detail_1_411] = '3'",,,,,,
food_detail_1_412,alimentos,,dropdown,"Seleccione la especificación 1 de Crema de chocolate","1, Muuu",,,,,,"[food_name] = '412'",,,,,,
food_detail_2_412_1,alimentos,,dropdown,"Seleccione la especificación 2 de Crema de chocolate","1, avellana",,,,,,"[food_name] = '412' and [food_detail_1_412] = '1'",,,,,,
food_detail_1_413,alimentos,,dropdown,"Seleccione la especificación 1 de Masmelos","1, Millows | 2, Chocmelos",,,,,,"[food_name] = '413'",,,,,,
food_detail_1_414,alimentos,,dropdown,"Seleccione la especificación 1 de BonIce","1, Fresa",,,,,,"[food_name] = '414'",,,,,,
food_detail_1_415,alimentos,,dropdown,"Seleccione la especificación 1 de Helado","1, Galleta con helado Colombina | 2, Colombina | 3, Colombina Muuu | 4, Colombina fruby | 5, Mimo´s | 6, Popsy | 7, Crem Helado | 8, Crem Helado Casero | 9, Tosh Pasión | 10, Tosh | 11, platillo Crem Helado",,,,,,"[food_name] = '415'",,,,,,
food_detail_2_415_1,alimentos,,dropdown,"Seleccione la especificación 2 de Helado","1, frutos rojos",,,,,,"[food_name] = '415' and [food_detail_1_415] = '1'",,,,,,
food_detail_2_415_2,alimentos,,dropdown,"Seleccione la especificación 2 de Helado","1, ron con pasas | 2, cookies & cream",,,,,,"[food_name] = '415' and [food_detail_1_415] = '2'",,,,,,
food_detail_2_415_3,alimentos,,dropdown,"Seleccione la especificación 2 de Helado","1, vainilla",,,,,,"[food_name] = '415' and [food_detail_1_415] = '3'",,,,,,
food_detail_2_415_4,alimentos,,dropdown,"Seleccione la especificación 2 de Helado","1, fresa | 2, limón",,,,,,"[food_name] = '415' and [food_detail_1_415] = '4'",,,,,,
food_detail_2_415_5,alimentos,,dropdown,"Seleccione la especificación 2 de Helado","1, brownie | 2, vainilla",,,,,,"[food_name] = '415' and [food_detail_1_415] = '5'",,,,,,
food_detail_2_415_6,alimentos,,dropdown,"Seleccione la especificación 2 de Helado","1, frutos del bosque | 2, chocolate belga",,,,,,"[food_name] = '415' and [food_detail_1_415] = '6'",,,,,,
food_detail_2_415_7,alimentos,,dropdown,"Seleccione la especificación 2 de Helado","1, chococono",,,,,,"[food_name] = '415' and [food_detail_1_415] = '7'",,,,,,
food_detail_2_415_8,alimentos,,dropdown,"Seleccione la especificación 2 de Helado","1, ron pasas | 2, coco | 3, mora",,,,,,"[food_name] = '415' and [food_detail_1_415] = '8'",,,,,,
food_detail_2_415_9,alimentos,,dropdown,"Seleccione la especificación 2 de Helado","1, frutos rojos",,,,,,"[food_name] = '415' and [food_detail_1_415] = '9'",,,,,,
food_detail_2_415_10,alimentos,,dropdown,"Seleccione la especificación 2 de Helado","1, piña",,,,,,"[food_name] = '415' and [food_detail_1_415] = '10'",,,,,,
food_detail_2_415_11,alimentos,,dropdown,"Seleccione la especificación 2 de Helado","1, ron con pasas",,,,,,"[food_name] = '415' and [food_detail_1_415] = '11'",,,,,,
food_detail_1_416,alimentos,,dropdown,"Seleccione la especificación 1 de Paleta","1, de chocolate Polet Crem Helado",,,,,,"[food_name] = '416'",,,,,,
food_detail_2_416_1,alimentos,,dropdown,"Seleccione la especificación 2 de Paleta","1, Frutos rojos",,,,,,"[food_name] = '416' and [food_detail_1_416] = '1'",,,,,,
food_detail_1_417,alimentos,,dropdown,"Seleccione la especificación 1 de Crema de avellanas","1, con cocoa Nutella",,,,,,"[food_name] = '417'",,,,,,
food_detail_1_418,alimentos,,dropdown,"Seleccione la especificación 1 de Paleta Jet","1, original",,,,,,"[food_name] = '418'",,,,,,
food_detail_1_419,alimentos,,dropdown,"Seleccione la especificación 1 de Almendras","1, recubiertas con dulce Italo",,,,,,"[food_name] = '419'",,,,,,
food_detail_1_420,alimentos,,dropdown,"Seleccione la especificación 1 de Jengibre","1, crudo",,,,,,"[food_name] = '420'",,,,,,
food_detail_1_421,alimentos,,dropdown,"Seleccione la especificación 1 de Achiote","1, seco",,,,,,"[food_name] = '421'",,,,,,
food_detail_1_424,alimentos,,dropdown,"Seleccione la especificación 1 de Agua de cebada perlada","1, sin azúcar",,,,,,"[food_name] = '424'",,,,,,
food_detail_1_425,alimentos,,dropdown,"Seleccione la especificación 1 de Agua de coco","1, sin azúcar",,,,,,"[food_name] = '425'",,,,,,
food_detail_1_426,alimentos,,dropdown,"Seleccione la especificación 1 de Bebida de avena en hojuelas","1, en agua",,,,,,"[food_name] = '426'",,,,,,
food_detail_2_426_1,alimentos,,dropdown,"Seleccione la especificación 2 de Bebida de avena en hojuelas","1, sin azúcar",,,,,,"[food_name] = '426' and [food_detail_1_426] = '1'",,,,,,
food_detail_1_427,alimentos,,dropdown,"Seleccione la especificación 1 de Bebida de harina de avena","1, en agua",,,,,,"[food_name] = '427'",,,,,,
food_detail_2_427_1,alimentos,,dropdown,"Seleccione la especificación 2 de Bebida de harina de avena","1, sin azúcar",,,,,,"[food_name] = '427' and [food_detail_1_427] = '1'",,,,,,
food_detail_1_428,alimentos,,dropdown,"Seleccione la especificación 1 de Bebida vegetal","1, de soya",,,,,,"[food_name] = '428'",,,,,,
food_detail_2_428_1,alimentos,,dropdown,"Seleccione la especificación 2 de Bebida vegetal","1, líquida",,,,,,"[food_name] = '428' and [food_detail_1_428] = '1'",,,,,,
food_detail_3_428_1_1,alimentos,,dropdown,"Seleccione la especificación 3 de Bebida vegetal","1, sin azúcar",,,,,,"[food_name] = '428' and [food_detail_1_428] = '1' and [food_detail_2_428_1] = '1'",,,,,,
food_detail_1_429,alimentos,,dropdown,"Seleccione la especificación 1 de Cerveza","1, regular",,,,,,"[food_name] = '429'",,,,,,
food_detail_2_429_1,alimentos,,dropdown,"Seleccione la especificación 2 de Cerveza","1, 4% de alcohol",,,,,,"[food_name] = '429' and [food_detail_1_429] = '1'",,,,,,
food_detail_1_430,alimentos,,dropdown,"Seleccione la especificación 1 de Chicha de maíz","1, 4% de alcohol",,,,,,"[food_name] = '430'",,,,,,
food_detail_1_431,alimentos,,dropdown,"Seleccione la especificación 1 de Gaseosa o bebida carbonatada","1, regular | 2, Coca cola | 3, Pepsi | 4, Kola Roman | 5, Sprite | 6, Manzana Postobon | 7, Uva Postobon | 8, Quatro Postobon | 9, Naranja Postobon | 10, Pony Malta | 11, Malta Leona | 12, limonada Postobon | 13, Cnada Dry Ginger Ale",,,,,,"[food_name] = '431'",,,,,,
food_detail_2_431_1,alimentos,,dropdown,"Seleccione la especificación 2 de Gaseosa o bebida carbonatada","1, con azúcar",,,,,,"[food_name] = '431' and [food_detail_1_431] = '1'",,,,,,
food_detail_2_431_2,alimentos,,dropdown,"Seleccione la especificación 2 de Gaseosa o bebida carbonatada","1, regular | 2, zero",,,,,,"[food_name] = '431' and [food_detail_1_431] = '2'",,,,,,
food_detail_2_431_3,alimentos,,dropdown,"Seleccione la especificación 2 de Gaseosa o bebida carbonatada","1, regular",,,,,,"[food_name] = '431' and [food_detail_1_431] = '3'",,,,,,
food_detail_2_431_4,alimentos,,dropdown,"Seleccione la especificación 2 de Gaseosa o bebida carbonatada","1, regular",,,,,,"[food_name] = '431' and [food_detail_1_431] = '4'",,,,,,
food_detail_2_431_5,alimentos,,dropdown,"Seleccione la especificación 2 de Gaseosa o bebida carbonatada","1, regular",,,,,,"[food_name] = '431' and [food_detail_1_431] = '5'",,,,,,
food_detail_2_431_6,alimentos,,dropdown,"Seleccione la especificación 2 de Gaseosa o bebida carbonatada","1, regular",,,,,,"[food_name] = '431' and [food_detail_1_431] = '6'",,,,,,
food_detail_2_431_7,alimentos,,dropdown,"Seleccione la especificación 2 de Gaseosa o bebida carbonatada","1, regular",,,,,,"[food_name] = '431' and [food_detail_1_431] = '7'",,,,,,
food_detail_2_431_8,alimentos,,dropdown,"Seleccione la especificación 2 de Gaseosa o bebida carbonatada","1, regular",,,,,,"[food_name] = '431' and [food_detail_1_431] = '8'",,,,,,
food_detail_2_431_9,alimentos,,dropdown,"Seleccione la especificación 2 de Gaseosa o bebida carbonatada","1, regular",,,,,,"[food_name] = '431' and [food_detail_1_431] = '9'",,,,,,
food_detail_2_431_10,alimentos,,dropdown,"Seleccione la especificación 2 de Gaseosa o bebida carbonatada","1, sabor malta",,,,,,"[food_name] = '431' and [food_detail_1_431] = '10'",,,,,,
food_detail_2_431_11,alimentos,,dropdown,"Seleccione la especificación 2 de Gaseosa o bebida carbonatada","1, sabor malta",,,,,,"[food_name] = '431' and [food_detail_1_431] = '11'",,,,,,
food_detail_2_431_12,alimentos,,dropdown,"Seleccione la especificación 2 de Gaseosa o bebida carbonatada","1, regular",,,,,,"[food_name] = '431' and [food_detail_1_431] = '12'",,,,,,
food_detail_1_432,alimentos,,dropdown,"Seleccione la especificación 1 de Guarapo de caña de azúcar","1, 3% de alcohol",,,,,,"[food_name] = '432'",,,,,,
food_detail_1_433,alimentos,,dropdown,"Seleccione la especificación 1 de Néctar de albaricoque","1, con azúcar",,,,,,"[food_name] = '433'",,,,,,
food_detail_1_434,alimentos,,dropdown,"Seleccione la especificación 1 de Néctar de durazno","1, con azúcar",,,,,,"[food_name] = '434'",,,,,,
food_detail_1_435,alimentos,,dropdown,"Seleccione la especificación 1 de Néctar de guayaba","1, con azúcar",,,,,,"[food_name] = '435'",,,,,,
food_detail_1_436,alimentos,,dropdown,"Seleccione la especificación 1 de Néctar de mango","1, con azúcar",,,,,,"[food_name] = '436'",,,,,,
food_detail_1_437,alimentos,,dropdown,"Seleccione la especificación 1 de Néctar de manzana","1, con azúcar",,,,,,"[food_name] = '437'",,,,,,
food_detail_1_438,alimentos,,dropdown,"Seleccione la especificación 1 de Néctar de pera","1, con azúcar",,,,,,"[food_name] = '438'",,,,,,
food_detail_1_439,alimentos,,dropdown,"Seleccione la especificación 1 de Sabajón de tomate de árbol amarillo","1, 14% de alcohol",,,,,,"[food_name] = '439'",,,,,,
food_detail_1_440,alimentos,,dropdown,"Seleccione la especificación 1 de Sabajón de tomate de árbol rojo","1, 14% de alcohol",,,,,,"[food_name] = '440'",,,,,,
food_detail_1_441,alimentos,,dropdown,"Seleccione la especificación 1 de Té","1, infusión 2% | 2, Mr. tea",,,,,,"[food_name] = '441'",,,,,,
food_detail_2_441_1,alimentos,,dropdown,"Seleccione la especificación 2 de Té","1, sin azúcar",,,,,,"[food_name] = '441' and [food_detail_1_441] = '1'",,,,,,
food_detail_2_441_2,alimentos,,dropdown,"Seleccione la especificación 2 de Té","1, limón | 2, durazno",,,,,,"[food_name] = '441' and [food_detail_1_441] = '2'",,,,,,
food_detail_1_442,alimentos,,dropdown,"Seleccione la especificación 1 de Jugo","1, Hit | 2, Soka ,lulo | 3, Soka | 4, Alpina Néctar Frutto | 5, California Néctar | 6, Tampico | 7, Clight | 8, Frutiño | 9, Tutti Frutti | 10, Country Hill | 11, Del Valle",,,,,,"[food_name] = '442'",,,,,,
food_detail_2_442_1,alimentos,,dropdown,"Seleccione la especificación 2 de Jugo","1, lulo | 2, mango | 3, naranja-piña | 4, Frutos tropicales | 5, mora",,,,,,"[food_name] = '442' and [food_detail_1_442] = '1'",,,,,,
food_detail_2_442_3,alimentos,,dropdown,"Seleccione la especificación 2 de Jugo","1, maracuya | 2, mango | 3, fresa",,,,,,"[food_name] = '442' and [food_detail_1_442] = '3'",,,,,,
food_detail_2_442_4,alimentos,,dropdown,"Seleccione la especificación 2 de Jugo","1, manzana | 2, durazno | 3, pera",,,,,,"[food_name] = '442' and [food_detail_1_442] = '4'",,,,,,
food_detail_2_442_5,alimentos,,dropdown,"Seleccione la especificación 2 de Jugo","1, durazno",,,,,,"[food_name] = '442' and [food_detail_1_442] = '5'",,,,,,
food_detail_2_442_6,alimentos,,dropdown,"Seleccione la especificación 2 de Jugo","1, naranja",,,,,,"[food_name] = '442' and [food_detail_1_442] = '6'",,,,,,
food_detail_2_442_7,alimentos,,dropdown,"Seleccione la especificación 2 de Jugo","1, naranja",,,,,,"[food_name] = '442' and [food_detail_1_442] = '7'",,,,,,
food_detail_3_442_7_1,alimentos,,dropdown,"Seleccione la especificación 3 de Jugo","1, en polvo",,,,,,"[food_name] = '442' and [food_detail_1_442] = '7' and [food_detail_2_442_7] = '1'",,,,,,
food_detail_2_442_8,alimentos,,dropdown,"Seleccione la especificación 2 de Jugo","1, Maracuya",,,,,,"[food_name] = '442' and [food_detail_1_442] = '8'",,,,,,
food_detail_2_442_9,alimentos,,dropdown,"Seleccione la especificación 2 de Jugo","1, naranja",,,,,,"[food_name] = '442' and [food_detail_1_442] = '9'",,,,,,
food_detail_2_442_10,alimentos,,dropdown,"Seleccione la especificación 2 de Jugo","1, naranja",,,,,,"[food_name] = '442' and [food_detail_1_442] = '10'",,,,,,
food_detail_2_442_11,alimentos,,dropdown,"Seleccione la especificación 2 de Jugo","1, naranja | 2, mandarina",,,,,,"[food_name] = '442' and [food_detail_1_442] = '11'",,,,,,
food_detail_1_443,alimentos,,dropdown,"Seleccione la especificación 1 de Bebida achocolatada","1, Milo Nestlé",,,,,,"[food_name] = '443'",,,,,,
food_detail_2_443_1,alimentos,,dropdown,"Seleccione la especificación 2 de Bebida achocolatada","1, en polvo",,,,,,"[food_name] = '443' and [food_detail_1_443] = '1'",,,,,,
food_detail_3_443_1_1,alimentos,,dropdown,"Seleccione la especificación 3 de Bebida achocolatada","1, con azúcar",,,,,,"[food_name] = '443' and [food_detail_1_443] = '1' and [food_detail_2_443_1] = '1'",,,,,,
food_detail_1_444,alimentos,,dropdown,"Seleccione la especificación 1 de Bebida hidratante","1, Gatorade | 2, Powerade",,,,,,"[food_name] = '444'",,,,,,
food_detail_2_444_1,alimentos,,dropdown,"Seleccione la especificación 2 de Bebida hidratante","1, mandarina | 2, maracuyá",,,,,,"[food_name] = '444' and [food_detail_1_444] = '1'",,,,,,
food_detail_1_445,alimentos,,dropdown,"Seleccione la especificación 1 de Bebida energizante","1, Red Bull | 2, Vive 100",,,,,,"[food_name] = '445'",,,,,,
food_detail_2_445_2,alimentos,,dropdown,"Seleccione la especificación 2 de Bebida energizante","1, original",,,,,,"[food_name] = '445' and [food_detail_1_445] = '2'",,,,,,
food_detail_1_446,alimentos,,dropdown,"Seleccione la especificación 1 de Avena envasada","1, Alpina",,,,,,"[food_name] = '446'",,,,,,
food_detail_2_446_1,alimentos,,dropdown,"Seleccione la especificación 2 de Avena envasada","1, Original | 2, Canela",,,,,,"[food_name] = '446' and [food_detail_1_446] = '1'",,,,,,
food_detail_1_447,alimentos,,dropdown,"Seleccione la especificación 1 de Bebida ernergizante","1, Speedmax",,,,,,"[food_name] = '447'",,,,,,
food_detail_1_448,alimentos,,dropdown,"Seleccione la especificación 1 de Refajo","1, Cola y Pola",,,,,,"[food_name] = '448'",,,,,,
food_detail_1_449,alimentos,,dropdown,"Seleccione la especificación 1 de Té helado Fuze tea","1, durazno",,,,,,"[food_name] = '449'",,,,,,
food_detail_1_450,alimentos,,dropdown,"Seleccione la especificación 1 de Mezcla instantánea para preparar bebida achocolatada Chocolisto","1, bajo en azúcar | 2, fresa",,,,,,"[food_name] = '450'",,,,,,
food_detail_1_451,alimentos,,dropdown,"Seleccione la especificación 1 de Mezcla  instantánea para preparar bebida achocolatada Chocolisto","1, chocolate",,,,,,"[food_name] = '451'",,,,,,
food_detail_1_452,alimentos,,dropdown,"Seleccione la especificación 1 de Moringa","1, en polvo",,,,,,"[food_name] = '452'",,,,,,
food_detail_1_453,alimentos,,dropdown,"Seleccione la especificación 1 de Polen","1, húmedo | 2, seco",,,,,,"[food_name] = '453'",,,,,,
food_detail_1_454,alimentos,,dropdown,"Seleccione la especificación 1 de Levadura biológica para pan","1, fresca",,,,,,"[food_name] = '454'",,,,,,
food_detail_2_454_1,alimentos,,dropdown,"Seleccione la especificación 2 de Levadura biológica para pan","1, prensada",,,,,,"[food_name] = '454' and [food_detail_1_454] = '1'",,,,,,
food_detail_1_455,alimentos,,dropdown,"Seleccione la especificación 1 de Caldo de carne de res","1, deshidratado",,,,,,"[food_name] = '455'",,,,,,
food_detail_1_458,alimentos,,dropdown,"Seleccione la especificación 1 de Herpo","1, Erpitos La Alacena",,,,,,"[food_name] = '458'",,,,,,
food_detail_2_458_1,alimentos,,dropdown,"Seleccione la especificación 2 de Herpo","1, galea de guayaba y manjar blanco",,,,,,"[food_name] = '458' and [food_detail_1_458] = '1'",,,,,,
food_detail_1_459,alimentos,,dropdown,"Seleccione la especificación 1 de Barquillos","1, Pirulin | 2, Piazza",,,,,,"[food_name] = '459'",,,,,,
food_detail_2_459_1,alimentos,,dropdown,"Seleccione la especificación 2 de Barquillos","1, chocolate y avellana",,,,,,"[food_name] = '459' and [food_detail_1_459] = '1'",,,,,,
food_detail_2_459_2,alimentos,,dropdown,"Seleccione la especificación 2 de Barquillos","1, chocolate y avellana",,,,,,"[food_name] = '459' and [food_detail_1_459] = '2'",,,,,,
food_detail_1_460,alimentos,,dropdown,"Seleccione la especificación 1 de Bon Yurt","1, Choco Krispis | 2, Zucaritas",,,,,,"[food_name] = '460'",,,,,,
food_detail_1_461,alimentos,,dropdown,"Seleccione la especificación 1 de Salsa negra","1, la constancia",,,,,,"[food_name] = '461'",,,,,,
food_detail_1_462,alimentos,,dropdown,"Seleccione la especificación 1 de Vinagreta","1, La Constancia",,,,,,"[food_name] = '462'",,,,,,
food_detail_1_463,alimentos,,dropdown,"Seleccione la especificación 1 de Salsa BBQ","1, La constancia",,,,,,"[food_name] = '463'",,,,,,
food_detail_1_464,alimentos,,dropdown,"Seleccione la especificación 1 de Salsa rosada","1, La Constancia",,,,,,"[food_name] = '464'",,,,,,
food_detail_1_465,alimentos,,dropdown,"Seleccione la especificación 1 de Mostaneza","1, La constancia",,,,,,"[food_name] = '465'",,,,,,
food_detail_1_466,alimentos,,dropdown,"Seleccione la especificación 1 de Salsa de ajo","1, La constancia",,,,,,"[food_name] = '466'",,,,,,
food_detail_1_467,alimentos,,dropdown,"Seleccione la especificación 1 de Pasta de tomate","1, La constanica",,,,,,"[food_name] = '467'",,,,,,
food_detail_1_468,alimentos,,dropdown,"Seleccione la especificación 1 de Base salsa bechamel","1, Maggi",,,,,,"[food_name] = '468'",,,,,,
food_detail_1_469,alimentos,,dropdown,"Seleccione la especificación 1 de Palitroques","1, Palitos Country",,,,,,"[food_name] = '469'",,,,,,
food_detail_1_470,alimentos,,dropdown,"Seleccione la especificación 1 de Frituras de maíz","1, Tostiarepa | 2, Choclitos | 3, Tostacos | 4, Maizitos | 5, Doritos",,,,,,"[food_name] = '470'",,,,,,
food_detail_2_470_2,alimentos,,dropdown,"Seleccione la especificación 2 de Frituras de maíz","1, limón intenso",,,,,,"[food_name] = '470' and [food_detail_1_470] = '2'",,,,,,
food_detail_2_470_3,alimentos,,dropdown,"Seleccione la especificación 2 de Frituras de maíz","1, queso | 2, picante",,,,,,"[food_name] = '470' and [food_detail_1_470] = '3'",,,,,,
food_detail_2_470_5,alimentos,,dropdown,"Seleccione la especificación 2 de Frituras de maíz","1, queso",,,,,,"[food_name] = '470' and [food_detail_1_470] = '5'",,,,,,
food_detail_1_471,alimentos,,dropdown,"Seleccione la especificación 1 de Frituras de plátano","1, Natuchips",,,,,,"[food_name] = '471'",,,,,,
food_detail_2_471_1,alimentos,,dropdown,"Seleccione la especificación 2 de Frituras de plátano","1, plátano verde | 2, plátano maduro",,,,,,"[food_name] = '471' and [food_detail_1_471] = '1'",,,,,,
food_detail_1_472,alimentos,,dropdown,"Seleccione la especificación 1 de Frituras de chicharrón","1, Chicharrón americano jacks",,,,,,"[food_name] = '472'",,,,,,
food_detail_1_473,alimentos,,dropdown,"Seleccione la especificación 1 de Papas de paquete","1, Margarita | 2, Superricas | 3, Fosforitos | 4, Detodito | 5, Todorico",,,,,,"[food_name] = '473'",,,,,,
food_detail_2_473_1,alimentos,,dropdown,"Seleccione la especificación 2 de Papas de paquete","1, pollo | 2, natural | 3, Limón",,,,,,"[food_name] = '473' and [food_detail_1_473] = '1'",,,,,,
food_detail_2_473_2,alimentos,,dropdown,"Seleccione la especificación 2 de Papas de paquete","1, pollo | 2, picante",,,,,,"[food_name] = '473' and [food_detail_1_473] = '2'",,,,,,
food_detail_2_473_4,alimentos,,dropdown,"Seleccione la especificación 2 de Papas de paquete","1, natural | 2, picante | 3, Mix",,,,,,"[food_name] = '473' and [food_detail_1_473] = '4'",,,,,,
food_detail_2_473_5,alimentos,,dropdown,"Seleccione la especificación 2 de Papas de paquete","1, original | 2, bbq | 3, criollo",,,,,,"[food_name] = '473' and [food_detail_1_473] = '5'",,,,,,
food_detail_1_474,alimentos,,dropdown,"Seleccione la especificación 1 de Cheetos","1, Cheese tris | 2, originales | 3, boliqueso",,,,,,"[food_name] = '474'",,,,,,
food_detail_1_475,alimentos,,dropdown,"Seleccione la especificación 1 de Yupis","1, originales",,,,,,"[food_name] = '475'",,,,,,
food_detail_1_476,alimentos,,dropdown,"Seleccione la especificación 1 de Yupis palomitas","1, caramelo",,,,,,"[food_name] = '476'",,,,,,
food_detail_1_477,alimentos,,dropdown,"Seleccione la especificación 1 de Tozinetas Fred","1, original",,,,,,"[food_name] = '477'",,,,,,
food_detail_1_479,alimentos,,dropdown,"Seleccione la especificación 1 de Papas fritas","1, rizadas Yupi",,,,,,"[food_name] = '479'",,,,,,
food_detail_2_479_1,alimentos,,dropdown,"Seleccione la especificación 2 de Papas fritas","1, mayonesa",,,,,,"[food_name] = '479' and [food_detail_1_479] = '1'",,,,,,
food_detail_1_480,alimentos,,dropdown,"Seleccione la especificación 1 de Papas fritas Margarita","1, BBQ",,,,,,"[food_name] = '480'",,,,,,
amount,alimentos,,text,Cantidad,,,number,,,,,y,,,,,
